** Message: 12:14:19.272: environement.vala:58: Exporting primary_variable
** Message: 12:14:19.272: environement.vala:59: desktop_environnement XDG_CURRENT_DESKTOP
** Message: 12:14:19.272: environement.vala:150: confir_dirs is null, export : /etc/xdg
** Message: 12:14:19.272: environement.vala:184: Exporting XDG_CONFIG_DIRS
** Message: 12:14:19.272: environement.vala:191: data_dirs is null, export : /usr/local/share:/usr/share:/usr/share/gdm:/var/lib/menu-xdg
** Message: 12:14:19.272: environement.vala:225: Exporting XDG_DATA_DIRS
** Message: 12:14:19.272: utils.vala:68: User config used : /home/anon/.config/lxsession/LXDE/desktop.conf
** Message: 12:14:19.273: utils.vala:89: Final file used : /home/anon/.config/lxsession/LXDE/desktop.conf
** Message: 12:14:19.273: settings.vala:540: Arquivo de chave não tem chave “iGtk/ColorScheme” no grupo “GTK”
** Message: 12:14:19.273: settings.vala:540: Arquivo de chave não tem chave “windows_manager/session” no grupo “Session”
** Message: 12:14:19.273: settings.vala:540: Arquivo de chave não tem chave “windows_manager/extras” no grupo “Session”
** Message: 12:14:19.273: settings.vala:540: Arquivo de chave não tem chave “panel/command” no grupo “Session”
** Message: 12:14:19.273: settings.vala:540: Arquivo de chave não tem chave “dock/command” no grupo “Session”
** Message: 12:14:19.273: settings.vala:540: Arquivo de chave não tem chave “file_manager/command” no grupo “Session”
** Message: 12:14:19.273: settings.vala:540: Arquivo de chave não tem chave “desktop_manager/command” no grupo “Session”
** Message: 12:14:19.273: settings.vala:540: Arquivo de chave não tem chave “launcher_manager/command” no grupo “Session”
** Message: 12:14:19.273: settings.vala:540: Arquivo de chave não tem chave “composite_manager/command” no grupo “Session”
** Message: 12:14:19.273: settings.vala:540: Arquivo de chave não tem chave “im1/command” no grupo “Session”
** Message: 12:14:19.273: settings.vala:540: Arquivo de chave não tem chave “im2/command” no grupo “Session”
** Message: 12:14:19.273: settings.vala:540: Arquivo de chave não tem chave “widget1/command” no grupo “Session”
** Message: 12:14:19.273: settings.vala:540: Arquivo de chave não tem chave “notification/command” no grupo “Session”
** Message: 12:14:19.273: settings.vala:540: Arquivo de chave não tem chave “keybindings/command” no grupo “Session”
** Message: 12:14:19.273: settings.vala:540: Arquivo de chave não tem chave “im_manager/command” no grupo “Session”
** Message: 12:14:19.273: settings.vala:540: Arquivo de chave não tem chave “screensaver/command” no grupo “Session”
** Message: 12:14:19.273: settings.vala:540: Arquivo de chave não tem chave “power_manager/command” no grupo “Session”
** Message: 12:14:19.273: settings.vala:540: Arquivo de chave não tem chave “audio_manager/command” no grupo “Session”
** Message: 12:14:19.273: settings.vala:540: Arquivo de chave não tem chave “workspace_manager/command” no grupo “Session”
** Message: 12:14:19.273: settings.vala:540: Arquivo de chave não tem chave “screenshot_manager/command” no grupo “Session”
** Message: 12:14:19.273: settings.vala:540: Arquivo de chave não tem chave “message_manager/command” no grupo “Session”
** Message: 12:14:19.273: settings.vala:540: Arquivo de chave não tem chave “upgrade_manager/command” no grupo “Session”
** Message: 12:14:19.273: settings.vala:540: Arquivo de chave não tem chave “updates_manager/command” no grupo “Session”
** Message: 12:14:19.273: settings.vala:540: Arquivo de chave não tem chave “updates_manager/timeout” no grupo “Session”
** Message: 12:14:19.273: settings.vala:540: Arquivo de chave não tem chave “crash_manager/command” no grupo “Session”
** Message: 12:14:19.273: settings.vala:540: Arquivo de chave não tem chave “crash_manager/dev_mode” no grupo “Session”
** Message: 12:14:19.273: settings.vala:540: Arquivo de chave não tem chave “crash_manager/timeout” no grupo “Session”
** Message: 12:14:19.273: settings.vala:540: Arquivo de chave não tem chave “upstart_user_session” no grupo “Session”
** Message: 12:14:19.273: settings.vala:540: Arquivo de chave não tem chave “proxy_manager/http” no grupo “Session”
** Message: 12:14:19.273: settings.vala:540: Arquivo de chave não tem chave “a11y/command” no grupo “Session”
** Message: 12:14:19.273: settings.vala:540: Arquivo de chave não tem chave “xrandr/command” no grupo “Session”
** Message: 12:14:19.273: settings.vala:540: Arquivo de chave não tem chave “network_gui/command” no grupo “Session”
** Message: 12:14:19.273: settings.vala:540: Arquivo de chave não tem chave “webbrowser/command” no grupo “Session”
** Message: 12:14:19.273: settings.vala:540: Arquivo de chave não tem chave “email/command” no grupo “Session”
** Message: 12:14:19.273: settings.vala:540: Arquivo de chave não tem chave “pdf_reader/command” no grupo “Session”
** Message: 12:14:19.273: settings.vala:540: Arquivo de chave não tem chave “video_player/command” no grupo “Session”
** Message: 12:14:19.273: settings.vala:540: Arquivo de chave não tem chave “audio_player/command” no grupo “Session”
** Message: 12:14:19.273: settings.vala:540: Arquivo de chave não tem chave “image_display/command” no grupo “Session”
** Message: 12:14:19.273: settings.vala:540: Arquivo de chave não tem chave “text_editor/command” no grupo “Session”
** Message: 12:14:19.273: settings.vala:540: Arquivo de chave não tem chave “archive/command” no grupo “Session”
** Message: 12:14:19.273: settings.vala:540: Arquivo de chave não tem chave “charmap/command” no grupo “Session”
** Message: 12:14:19.273: settings.vala:540: Arquivo de chave não tem chave “calculator/command” no grupo “Session”
** Message: 12:14:19.273: settings.vala:540: Arquivo de chave não tem chave “spreadsheet/command” no grupo “Session”
** Message: 12:14:19.273: settings.vala:540: Arquivo de chave não tem chave “bittorent/command” no grupo “Session”
** Message: 12:14:19.273: settings.vala:540: Arquivo de chave não tem chave “document/command” no grupo “Session”
** Message: 12:14:19.273: settings.vala:540: Arquivo de chave não tem chave “webcam/command” no grupo “Session”
** Message: 12:14:19.273: settings.vala:540: Arquivo de chave não tem chave “burn/command” no grupo “Session”
** Message: 12:14:19.273: settings.vala:540: Arquivo de chave não tem chave “notes/command” no grupo “Session”
** Message: 12:14:19.273: settings.vala:540: Arquivo de chave não tem chave “disk_utility/command” no grupo “Session”
** Message: 12:14:19.273: settings.vala:540: Arquivo de chave não tem chave “tasks/command” no grupo “Session”
** Message: 12:14:19.273: settings.vala:540: Arquivo de chave não tem grupo “Keymap”
** Message: 12:14:19.273: settings.vala:540: Arquivo de chave não tem chave “laptop_mode” no grupo “State”
** Message: 12:14:19.273: settings.vala:540: Arquivo de chave não tem chave “gnome” no grupo “Dbus”
** Message: 12:14:19.273: settings.vala:540: Arquivo de chave não tem chave “type” no grupo “Environment”
** Message: 12:14:19.273: settings.vala:540: Arquivo de chave não tem chave “ubuntu_menuproxy” no grupo “Environment”
** Message: 12:14:19.273: settings.vala:540: Arquivo de chave não tem chave “toolkit_integration” no grupo “Environment”
** Message: 12:14:19.273: settings.vala:540: Arquivo de chave não tem chave “gtk/overlay_scrollbar_disable” no grupo “Environment”
** Message: 12:14:19.273: settings.vala:540: Arquivo de chave não tem chave “qt/force_theme” no grupo “Environment”
** Message: 12:14:19.273: settings.vala:540: Arquivo de chave não tem chave “qt/platform” no grupo “Environment”
** Message: 12:14:19.273: settings.vala:462: Monitoring: /home/anon/.config/lxsession/LXDE/desktop.conf
** Message: 12:14:19.273: settings.vala:466: Desktop file is already in config home, do nothing
** Message: 12:14:19.273: settings.vala:373: Settings default for Session, launcher_manager, command : lxpanelctl
** Message: 12:14:19.273: environement.vala:79: Exporting variable
** Message: 12:14:19.273: environement.vala:80: desktop_environnement XDG_CURRENT_DESKTOP
** Message: 12:14:19.273: environement.vala:177: custom_config :
** Message: 12:14:19.273: environement.vala:178: config_dirs :/etc/xdg
** Message: 12:14:19.273: environement.vala:179: confir_dirs not null, export : /etc/xdg
** Message: 12:14:19.273: environement.vala:184: Exporting XDG_CONFIG_DIRS
** Message: 12:14:19.273: environement.vala:218: custom_data :
** Message: 12:14:19.273: environement.vala:219: data_dirs :/usr/local/share:/usr/share:/usr/share/gdm:/var/lib/menu-xdg
** Message: 12:14:19.273: environement.vala:220: data_dirs not null, export : /usr/local/share:/usr/share:/usr/share/gdm:/var/lib/menu-xdg
** Message: 12:14:19.273: environement.vala:225: Exporting XDG_DATA_DIRS
** Message: 12:14:19.273: utils.vala:68: User config used : /home/anon/.config/lxsession/LXDE/desktop.conf
** Message: 12:14:19.273: utils.vala:89: Final file used : /home/anon/.config/lxsession/LXDE/desktop.conf
** Message: 12:14:19.273: environement.vala:254: No entry in [Environment_variable]. Arquivo de chave não tem grupo “Environment_variable”
** Message: 12:14:19.274: utils.vala:79: Config system location : /etc/xdg/lxsession/LXDE
** Message: 12:14:19.274: utils.vala:85: System system path location : /etc/xdg/lxsession/LXDE/conffiles.conf
** Message: 12:14:19.275: utils.vala:89: Final file used : /etc/xdg/lxsession/LXDE/conffiles.conf
** Message: 12:14:19.275: options.vala:164: Activate xsettings_manager build-in
** Message: 12:14:19.275: utils.vala:68: User config used : /home/anon/.config/lxsession/LXDE/desktop.conf
** Message: 12:14:19.275: utils.vala:89: Final file used : /home/anon/.config/lxsession/LXDE/desktop.conf
xprop:  no such property "_NET_NUMBER_OF_DESKTOPS"
xprop:  no such property "_NET_DESKTOP_NAMES"
** Message: 12:14:19.278: app.vala:721: polkit separate
** Message: 12:14:19.278: app.vala:721: polkit separate
** Message: 12:14:19.282: utils.vala:68: User config used : /home/anon/.config/lxsession/LXDE/autostart
** Message: 12:14:19.282: utils.vala:89: Final file used : /home/anon/.config/lxsession/LXDE/autostart
** Message: 12:14:19.282: autostart.vala:42: Autostart path : /home/anon/.config/lxsession/LXDE/autostart
** Message: 12:14:19.284: app.vala:76: Launching lxpanel 
** Message: 12:14:19.286: app.vala:76: Launching pcmanfm 

** (lxsession:928): WARNING **: 12:14:19.287: app.vala:86: Falha ao executar processo filho “xscreensaver” (Arquivo ou diretório inexistente)

** (lxsession:928): WARNING **: 12:14:19.287: app.vala:87: Error when launching xscreensaver
** Message: 12:14:19.289: options.vala:107: Create build-in Clipboard
** Message: 12:14:19.290: main.vala:443: Check keymap_mode (null)
** Message: 12:14:19.292: app.vala:76: Launching /usr/bin/ssh-agent 
sh: 0: cannot open .conky/conky-startup.sh: No such file
SSH_AUTH_SOCK=/home/anon/.ssh/agent/s.WqRwqKqeKP.agent.S9tT5Tr3d4; export SSH_AUTH_SOCK;
SSH_AGENT_PID=997; export SSH_AGENT_PID;
echo Agent pid 997;
Gtk-Message: 12:14:19.364: Failed to load module "colorreload-gtk-module"
Gtk-Message: 12:14:19.364: Failed to load module "window-decorations-gtk-module"
Gtk-Message: 12:14:19.407: Failed to load module "colorreload-gtk-module"
Gtk-Message: 12:14:19.409: Failed to load module "window-decorations-gtk-module"
Gtk-Message: 12:14:19.410: Failed to load module "colorreload-gtk-module"
Gtk-Message: 12:14:19.411: Failed to load module "window-decorations-gtk-module"
Traceback (most recent call last):
  File "/usr/lib/blueberry/blueberry-obex-agent.py", line 9, in <module>
    import dbus
ModuleNotFoundError: No module named 'dbus'
** Message: 12:14:19.496: app.vala:130: /usr/bin/ssh-agent exit with this type of exit: 0
Openbox-Message: Não foi possível encontrar um arquivo de menu "/usr/share/lxde/openbox/menu.xml" válido
Gtk-Message: 12:14:19.616: Failed to load module "colorreload-gtk-module"
Gtk-Message: 12:14:19.618: Failed to load module "window-decorations-gtk-module"
Gtk-Message: 12:14:19.622: Failed to load module "colorreload-gtk-module"
Gtk-Message: 12:14:19.624: Failed to load module "window-decorations-gtk-module"

(lxpanel:985): GLib-GIO-CRITICAL **: 12:14:19.641: GFileInfo created without standard::edit-name

(lxpanel:985): GLib-GIO-CRITICAL **: 12:14:19.641: file ../gio/gfileinfo.c: line 1762 (g_file_info_get_edit_name): should not be reached

(lxpanel:985): GLib-GIO-CRITICAL **: 12:14:19.641: GFileInfo created without standard::size

(lxpanel:985): GLib-GIO-CRITICAL **: 12:14:19.641: file ../gio/gfileinfo.c: line 1865 (g_file_info_get_size): should not be reached

(lxpanel:985): GLib-GIO-CRITICAL **: 12:14:19.641: GFileInfo created without standard::content-type

(lxpanel:985): GLib-GIO-CRITICAL **: 12:14:19.641: file ../gio/gfileinfo.c: line 1841 (g_file_info_get_content_type): should not be reached

(lxpanel:985): GLib-GIO-CRITICAL **: 12:14:19.641: GFileInfo created without standard::is-symlink

(lxpanel:985): GLib-GIO-CRITICAL **: 12:14:19.641: file ../gio/gfileinfo.c: line 1696 (g_file_info_get_is_symlink): should not be reached

(lxpanel:985): GLib-GIO-CRITICAL **: 12:14:19.641: GFileInfo created without standard::is-hidden

(lxpanel:985): GLib-GIO-CRITICAL **: 12:14:19.641: file ../gio/gfileinfo.c: line 1647 (g_file_info_get_is_hidden): should not be reached

(lxpanel:985): GLib-GIO-CRITICAL **: 12:14:19.641: GFileInfo created without standard::is-backup

(lxpanel:985): GLib-GIO-CRITICAL **: 12:14:19.641: file ../gio/gfileinfo.c: line 1674 (g_file_info_get_is_backup): should not be reached

(lxpanel:985): GLib-GIO-CRITICAL **: 12:14:19.641: GFileInfo created without standard::edit-name

(lxpanel:985): GLib-GIO-CRITICAL **: 12:14:19.641: file ../gio/gfileinfo.c: line 1762 (g_file_info_get_edit_name): should not be reached

(lxpanel:985): GLib-GIO-CRITICAL **: 12:14:19.641: GFileInfo created without standard::size

(lxpanel:985): GLib-GIO-CRITICAL **: 12:14:19.641: file ../gio/gfileinfo.c: line 1865 (g_file_info_get_size): should not be reached

(lxpanel:985): GLib-GIO-CRITICAL **: 12:14:19.641: GFileInfo created without standard::content-type

(lxpanel:985): GLib-GIO-CRITICAL **: 12:14:19.641: file ../gio/gfileinfo.c: line 1841 (g_file_info_get_content_type): should not be reached

(lxpanel:985): GLib-GIO-CRITICAL **: 12:14:19.641: GFileInfo created without standard::is-symlink

(lxpanel:985): GLib-GIO-CRITICAL **: 12:14:19.641: file ../gio/gfileinfo.c: line 1696 (g_file_info_get_is_symlink): should not be reached

(lxpanel:985): GLib-GIO-CRITICAL **: 12:14:19.641: GFileInfo created without standard::is-hidden

(lxpanel:985): GLib-GIO-CRITICAL **: 12:14:19.641: file ../gio/gfileinfo.c: line 1647 (g_file_info_get_is_hidden): should not be reached

(lxpanel:985): GLib-GIO-CRITICAL **: 12:14:19.641: GFileInfo created without standard::is-backup

(lxpanel:985): GLib-GIO-CRITICAL **: 12:14:19.641: file ../gio/gfileinfo.c: line 1674 (g_file_info_get_is_backup): should not be reached

(lxpanel:985): GLib-GIO-CRITICAL **: 12:14:19.642: GFileInfo created without standard::is-symlink

(lxpanel:985): GLib-GIO-CRITICAL **: 12:14:19.642: file ../gio/gfileinfo.c: line 1696 (g_file_info_get_is_symlink): should not be reached

(lxpanel:985): GLib-GIO-CRITICAL **: 12:14:19.642: GFileInfo created without standard::is-symlink

(lxpanel:985): GLib-GIO-CRITICAL **: 12:14:19.642: file ../gio/gfileinfo.c: line 1696 (g_file_info_get_is_symlink): should not be reached

(lxpanel:985): GLib-GIO-CRITICAL **: 12:14:19.642: GFileInfo created without standard::is-symlink

(lxpanel:985): GLib-GIO-CRITICAL **: 12:14:19.642: file ../gio/gfileinfo.c: line 1696 (g_file_info_get_is_symlink): should not be reached

(lxpanel:985): GLib-GIO-CRITICAL **: 12:14:19.642: GFileInfo created without standard::is-symlink

(lxpanel:985): GLib-GIO-CRITICAL **: 12:14:19.642: file ../gio/gfileinfo.c: line 1696 (g_file_info_get_is_symlink): should not be reached

(lxpanel:985): GLib-GIO-CRITICAL **: 12:14:19.642: GFileInfo created without standard::is-symlink

(lxpanel:985): GLib-GIO-CRITICAL **: 12:14:19.642: file ../gio/gfileinfo.c: line 1696 (g_file_info_get_is_symlink): should not be reached

(lxpanel:985): GLib-GIO-CRITICAL **: 12:14:19.642: GFileInfo created without standard::is-symlink

(lxpanel:985): GLib-GIO-CRITICAL **: 12:14:19.642: file ../gio/gfileinfo.c: line 1696 (g_file_info_get_is_symlink): should not be reached

(lxpanel:985): GLib-GIO-CRITICAL **: 12:14:19.642: GFileInfo created without standard::is-symlink

(lxpanel:985): GLib-GIO-CRITICAL **: 12:14:19.642: file ../gio/gfileinfo.c: line 1696 (g_file_info_get_is_symlink): should not be reached

(lxpanel:985): GLib-GIO-CRITICAL **: 12:14:19.642: GFileInfo created without standard::is-symlink

(lxpanel:985): GLib-GIO-CRITICAL **: 12:14:19.642: file ../gio/gfileinfo.c: line 1696 (g_file_info_get_is_symlink): should not be reached

(lxpanel:985): GLib-GIO-CRITICAL **: 12:14:19.642: GFileInfo created without standard::is-symlink

(lxpanel:985): GLib-GIO-CRITICAL **: 12:14:19.642: file ../gio/gfileinfo.c: line 1696 (g_file_info_get_is_symlink): should not be reached

(lxpanel:985): GLib-GIO-CRITICAL **: 12:14:19.642: GFileInfo created without standard::is-symlink

(lxpanel:985): GLib-GIO-CRITICAL **: 12:14:19.642: file ../gio/gfileinfo.c: line 1696 (g_file_info_get_is_symlink): should not be reached

(lxpanel:985): GLib-GIO-CRITICAL **: 12:14:19.642: GFileInfo created without standard::is-symlink

(lxpanel:985): GLib-GIO-CRITICAL **: 12:14:19.642: file ../gio/gfileinfo.c: line 1696 (g_file_info_get_is_symlink): should not be reached

(lxpanel:985): GLib-GIO-CRITICAL **: 12:14:19.642: GFileInfo created without standard::is-symlink

(lxpanel:985): GLib-GIO-CRITICAL **: 12:14:19.642: file ../gio/gfileinfo.c: line 1696 (g_file_info_get_is_symlink): should not be reached

(lxpanel:985): GLib-GIO-CRITICAL **: 12:14:19.642: GFileInfo created without standard::is-symlink

(lxpanel:985): GLib-GIO-CRITICAL **: 12:14:19.642: file ../gio/gfileinfo.c: line 1696 (g_file_info_get_is_symlink): should not be reached

(lxpanel:985): GLib-GIO-CRITICAL **: 12:14:19.642: GFileInfo created without standard::is-symlink

(lxpanel:985): GLib-GIO-CRITICAL **: 12:14:19.642: file ../gio/gfileinfo.c: line 1696 (g_file_info_get_is_symlink): should not be reached

(lxpanel:985): GLib-GIO-CRITICAL **: 12:14:19.642: GFileInfo created without standard::is-symlink

(lxpanel:985): GLib-GIO-CRITICAL **: 12:14:19.642: file ../gio/gfileinfo.c: line 1696 (g_file_info_get_is_symlink): should not be reached

(lxpanel:985): GLib-GIO-CRITICAL **: 12:14:19.642: GFileInfo created without standard::is-symlink

(lxpanel:985): GLib-GIO-CRITICAL **: 12:14:19.642: file ../gio/gfileinfo.c: line 1696 (g_file_info_get_is_symlink): should not be reached

(lxpanel:985): GLib-GIO-CRITICAL **: 12:14:19.642: GFileInfo created without standard::is-symlink

(lxpanel:985): GLib-GIO-CRITICAL **: 12:14:19.642: file ../gio/gfileinfo.c: line 1696 (g_file_info_get_is_symlink): should not be reached

(lxpanel:985): GLib-GIO-CRITICAL **: 12:14:19.642: GFileInfo created without standard::is-symlink

(lxpanel:985): GLib-GIO-CRITICAL **: 12:14:19.642: file ../gio/gfileinfo.c: line 1696 (g_file_info_get_is_symlink): should not be reached

(lxpanel:985): GLib-GIO-CRITICAL **: 12:14:19.642: GFileInfo created without standard::is-symlink

(lxpanel:985): GLib-GIO-CRITICAL **: 12:14:19.642: GFileInfo created without standard::is-symlink

(lxpanel:985): GLib-GIO-CRITICAL **: 12:14:19.642: file ../gio/gfileinfo.c: line 1696 (g_file_info_get_is_symlink): should not be reached

(lxpanel:985): GLib-GIO-CRITICAL **: 12:14:19.642: file ../gio/gfileinfo.c: line 1696 (g_file_info_get_is_symlink): should not be reached

(lxpanel:985): GLib-GIO-CRITICAL **: 12:14:19.642: GFileInfo created without standard::is-symlink

(lxpanel:985): GLib-GIO-CRITICAL **: 12:14:19.642: file ../gio/gfileinfo.c: line 1696 (g_file_info_get_is_symlink): should not be reached

(lxpanel:985): GLib-GIO-CRITICAL **: 12:14:19.642: GFileInfo created without standard::is-symlink

(lxpanel:985): GLib-GIO-CRITICAL **: 12:14:19.643: file ../gio/gfileinfo.c: line 1696 (g_file_info_get_is_symlink): should not be reached

(lxpanel:985): GLib-GIO-CRITICAL **: 12:14:19.643: GFileInfo created without standard::is-symlink

(lxpanel:985): GLib-GIO-CRITICAL **: 12:14:19.643: file ../gio/gfileinfo.c: line 1696 (g_file_info_get_is_symlink): should not be reached

(lxpanel:985): GLib-GIO-CRITICAL **: 12:14:19.643: GFileInfo created without standard::is-symlink

(lxpanel:985): GLib-GIO-CRITICAL **: 12:14:19.643: file ../gio/gfileinfo.c: line 1696 (g_file_info_get_is_symlink): should not be reached

(lxpanel:985): GLib-GIO-CRITICAL **: 12:14:19.643: GFileInfo created without standard::is-symlink

(lxpanel:985): GLib-GIO-CRITICAL **: 12:14:19.643: file ../gio/gfileinfo.c: line 1696 (g_file_info_get_is_symlink): should not be reached

(lxpanel:985): GLib-GIO-CRITICAL **: 12:14:19.643: GFileInfo created without standard::is-symlink

(lxpanel:985): GLib-GIO-CRITICAL **: 12:14:19.643: file ../gio/gfileinfo.c: line 1696 (g_file_info_get_is_symlink): should not be reached

(lxpanel:985): GLib-GIO-CRITICAL **: 12:14:19.642: GFileInfo created without standard::is-symlink

(lxpanel:985): GLib-GIO-CRITICAL **: 12:14:19.643: GFileInfo created without standard::is-symlink

(lxpanel:985): GLib-GIO-CRITICAL **: 12:14:19.643: file ../gio/gfileinfo.c: line 1696 (g_file_info_get_is_symlink): should not be reached

(lxpanel:985): GLib-GIO-CRITICAL **: 12:14:19.643: file ../gio/gfileinfo.c: line 1696 (g_file_info_get_is_symlink): should not be reached

(lxpanel:985): GLib-GIO-CRITICAL **: 12:14:19.643: GFileInfo created without standard::is-symlink

(lxpanel:985): GLib-GIO-CRITICAL **: 12:14:19.643: file ../gio/gfileinfo.c: line 1696 (g_file_info_get_is_symlink): should not be reached

(lxpanel:985): GLib-GIO-CRITICAL **: 12:14:19.643: GFileInfo created without standard::is-symlink

(lxpanel:985): GLib-GIO-CRITICAL **: 12:14:19.643: file ../gio/gfileinfo.c: line 1696 (g_file_info_get_is_symlink): should not be reached

(lxpanel:985): GLib-GIO-CRITICAL **: 12:14:19.643: GFileInfo created without standard::is-symlink

(lxpanel:985): GLib-GIO-CRITICAL **: 12:14:19.643: file ../gio/gfileinfo.c: line 1696 (g_file_info_get_is_symlink): should not be reached

(lxpanel:985): GLib-GIO-CRITICAL **: 12:14:19.643: GFileInfo created without standard::is-symlink

(lxpanel:985): GLib-GIO-CRITICAL **: 12:14:19.643: file ../gio/gfileinfo.c: line 1696 (g_file_info_get_is_symlink): should not be reached

(lxpanel:985): GLib-GIO-CRITICAL **: 12:14:19.643: GFileInfo created without standard::is-symlink

(lxpanel:985): GLib-GIO-CRITICAL **: 12:14:19.643: file ../gio/gfileinfo.c: line 1696 (g_file_info_get_is_symlink): should not be reached

(lxpanel:985): GLib-GIO-CRITICAL **: 12:14:19.643: GFileInfo created without standard::is-symlink

(lxpanel:985): GLib-GIO-CRITICAL **: 12:14:19.643: GFileInfo created without standard::is-symlink

(lxpanel:985): GLib-GIO-CRITICAL **: 12:14:19.643: file ../gio/gfileinfo.c: line 1696 (g_file_info_get_is_symlink): should not be reached

(lxpanel:985): GLib-GIO-CRITICAL **: 12:14:19.643: file ../gio/gfileinfo.c: line 1696 (g_file_info_get_is_symlink): should not be reached

(lxpanel:985): GLib-GIO-CRITICAL **: 12:14:19.643: GFileInfo created without standard::is-symlink

(lxpanel:985): GLib-GIO-CRITICAL **: 12:14:19.643: file ../gio/gfileinfo.c: line 1696 (g_file_info_get_is_symlink): should not be reached

(lxpanel:985): GLib-GIO-CRITICAL **: 12:14:19.643: GFileInfo created without standard::is-symlink

(lxpanel:985): GLib-GIO-CRITICAL **: 12:14:19.643: file ../gio/gfileinfo.c: line 1696 (g_file_info_get_is_symlink): should not be reached

(lxpanel:985): GLib-GIO-CRITICAL **: 12:14:19.643: GFileInfo created without standard::is-symlink

(lxpanel:985): GLib-GIO-CRITICAL **: 12:14:19.643: file ../gio/gfileinfo.c: line 1696 (g_file_info_get_is_symlink): should not be reached

(lxpanel:985): GLib-GIO-CRITICAL **: 12:14:19.643: GFileInfo created without standard::is-symlink

(lxpanel:985): GLib-GIO-CRITICAL **: 12:14:19.643: file ../gio/gfileinfo.c: line 1696 (g_file_info_get_is_symlink): should not be reached

(lxpanel:985): GLib-GIO-CRITICAL **: 12:14:19.643: GFileInfo created without standard::is-symlink

(lxpanel:985): GLib-GIO-CRITICAL **: 12:14:19.643: file ../gio/gfileinfo.c: line 1696 (g_file_info_get_is_symlink): should not be reached

(lxpanel:985): GLib-GIO-CRITICAL **: 12:14:19.643: GFileInfo created without standard::is-symlink

(lxpanel:985): GLib-GIO-CRITICAL **: 12:14:19.643: file ../gio/gfileinfo.c: line 1696 (g_file_info_get_is_symlink): should not be reached

(lxpanel:985): GLib-GIO-CRITICAL **: 12:14:19.643: GFileInfo created without standard::is-symlink

(lxpanel:985): GLib-GIO-CRITICAL **: 12:14:19.643: file ../gio/gfileinfo.c: line 1696 (g_file_info_get_is_symlink): should not be reached

(lxpanel:985): GLib-GIO-CRITICAL **: 12:14:19.643: GFileInfo created without standard::is-symlink

(lxpanel:985): GLib-GIO-CRITICAL **: 12:14:19.643: file ../gio/gfileinfo.c: line 1696 (g_file_info_get_is_symlink): should not be reached

(lxpanel:985): GLib-GIO-CRITICAL **: 12:14:19.643: GFileInfo created without standard::is-symlink

(lxpanel:985): GLib-GIO-CRITICAL **: 12:14:19.643: file ../gio/gfileinfo.c: line 1696 (g_file_info_get_is_symlink): should not be reached

(lxpanel:985): GLib-GIO-CRITICAL **: 12:14:19.643: GFileInfo created without standard::is-symlink

(lxpanel:985): GLib-GIO-CRITICAL **: 12:14:19.643: file ../gio/gfileinfo.c: line 1696 (g_file_info_get_is_symlink): should not be reached

(lxpanel:985): GLib-GIO-CRITICAL **: 12:14:19.643: GFileInfo created without standard::is-symlink

(lxpanel:985): GLib-GIO-CRITICAL **: 12:14:19.643: file ../gio/gfileinfo.c: line 1696 (g_file_info_get_is_symlink): should not be reached

(lxpanel:985): GLib-GIO-CRITICAL **: 12:14:19.643: GFileInfo created without standard::is-symlink

(lxpanel:985): GLib-GIO-CRITICAL **: 12:14:19.643: file ../gio/gfileinfo.c: line 1696 (g_file_info_get_is_symlink): should not be reached

(lxpanel:985): GLib-GIO-CRITICAL **: 12:14:19.643: GFileInfo created without standard::is-symlink

(lxpanel:985): GLib-GIO-CRITICAL **: 12:14:19.643: file ../gio/gfileinfo.c: line 1696 (g_file_info_get_is_symlink): should not be reached

(lxpanel:985): GLib-GIO-CRITICAL **: 12:14:19.644: GFileInfo created without standard::is-symlink

(lxpanel:985): GLib-GIO-CRITICAL **: 12:14:19.644: file ../gio/gfileinfo.c: line 1696 (g_file_info_get_is_symlink): should not be reached

(lxpanel:985): GLib-GIO-CRITICAL **: 12:14:19.644: GFileInfo created without standard::is-symlink

(lxpanel:985): GLib-GIO-CRITICAL **: 12:14:19.644: file ../gio/gfileinfo.c: line 1696 (g_file_info_get_is_symlink): should not be reached

(lxpanel:985): GLib-GIO-CRITICAL **: 12:14:19.644: GFileInfo created without standard::is-symlink

(lxpanel:985): GLib-GIO-CRITICAL **: 12:14:19.644: file ../gio/gfileinfo.c: line 1696 (g_file_info_get_is_symlink): should not be reached

(lxpanel:985): GLib-GIO-CRITICAL **: 12:14:19.644: GFileInfo created without standard::is-symlink

(lxpanel:985): GLib-GIO-CRITICAL **: 12:14:19.644: file ../gio/gfileinfo.c: line 1696 (g_file_info_get_is_symlink): should not be reached

(lxpanel:985): GLib-GIO-CRITICAL **: 12:14:19.644: GFileInfo created without standard::is-symlink

(lxpanel:985): GLib-GIO-CRITICAL **: 12:14:19.644: GFileInfo created without standard::is-symlink

(lxpanel:985): GLib-GIO-CRITICAL **: 12:14:19.644: file ../gio/gfileinfo.c: line 1696 (g_file_info_get_is_symlink): should not be reached

(lxpanel:985): GLib-GIO-CRITICAL **: 12:14:19.644: file ../gio/gfileinfo.c: line 1696 (g_file_info_get_is_symlink): should not be reached

(lxpanel:985): GLib-GIO-CRITICAL **: 12:14:19.644: GFileInfo created without standard::is-symlink

(lxpanel:985): GLib-GIO-CRITICAL **: 12:14:19.644: GFileInfo created without standard::is-symlink

(lxpanel:985): GLib-GIO-CRITICAL **: 12:14:19.644: file ../gio/gfileinfo.c: line 1696 (g_file_info_get_is_symlink): should not be reached

(lxpanel:985): GLib-GIO-CRITICAL **: 12:14:19.644: file ../gio/gfileinfo.c: line 1696 (g_file_info_get_is_symlink): should not be reached

(lxpanel:985): GLib-GIO-CRITICAL **: 12:14:19.644: GFileInfo created without standard::is-symlink

(lxpanel:985): GLib-GIO-CRITICAL **: 12:14:19.644: file ../gio/gfileinfo.c: line 1696 (g_file_info_get_is_symlink): should not be reached

(lxpanel:985): GLib-GIO-CRITICAL **: 12:14:19.644: GFileInfo created without standard::is-symlink

(lxpanel:985): GLib-GIO-CRITICAL **: 12:14:19.644: GFileInfo created without standard::is-symlink

(lxpanel:985): GLib-GIO-CRITICAL **: 12:14:19.644: file ../gio/gfileinfo.c: line 1696 (g_file_info_get_is_symlink): should not be reached

(lxpanel:985): GLib-GIO-CRITICAL **: 12:14:19.644: file ../gio/gfileinfo.c: line 1696 (g_file_info_get_is_symlink): should not be reached

(lxpanel:985): GLib-GIO-CRITICAL **: 12:14:19.644: GFileInfo created without standard::is-symlink

(lxpanel:985): GLib-GIO-CRITICAL **: 12:14:19.644: file ../gio/gfileinfo.c: line 1696 (g_file_info_get_is_symlink): should not be reached

(lxpanel:985): GLib-GIO-CRITICAL **: 12:14:19.644: GFileInfo created without standard::is-symlink

(lxpanel:985): GLib-GIO-CRITICAL **: 12:14:19.644: file ../gio/gfileinfo.c: line 1696 (g_file_info_get_is_symlink): should not be reached

(lxpanel:985): GLib-GIO-CRITICAL **: 12:14:19.644: GFileInfo created without standard::is-symlink

(lxpanel:985): GLib-GIO-CRITICAL **: 12:14:19.644: file ../gio/gfileinfo.c: line 1696 (g_file_info_get_is_symlink): should not be reached

(lxpanel:985): GLib-GIO-CRITICAL **: 12:14:19.644: GFileInfo created without standard::is-symlink

(lxpanel:985): GLib-GIO-CRITICAL **: 12:14:19.644: GFileInfo created without standard::is-symlink

(lxpanel:985): GLib-GIO-CRITICAL **: 12:14:19.644: file ../gio/gfileinfo.c: line 1696 (g_file_info_get_is_symlink): should not be reached

(lxpanel:985): GLib-GIO-CRITICAL **: 12:14:19.644: file ../gio/gfileinfo.c: line 1696 (g_file_info_get_is_symlink): should not be reached

(lxpanel:985): GLib-GIO-CRITICAL **: 12:14:19.644: GFileInfo created without standard::is-symlink

(lxpanel:985): GLib-GIO-CRITICAL **: 12:14:19.644: GFileInfo created without standard::is-symlink

(lxpanel:985): GLib-GIO-CRITICAL **: 12:14:19.644: file ../gio/gfileinfo.c: line 1696 (g_file_info_get_is_symlink): should not be reached

(lxpanel:985): GLib-GIO-CRITICAL **: 12:14:19.644: file ../gio/gfileinfo.c: line 1696 (g_file_info_get_is_symlink): should not be reached

(lxpanel:985): GLib-GIO-CRITICAL **: 12:14:19.644: GFileInfo created without standard::is-symlink

(lxpanel:985): GLib-GIO-CRITICAL **: 12:14:19.644: file ../gio/gfileinfo.c: line 1696 (g_file_info_get_is_symlink): should not be reached

(lxpanel:985): GLib-GIO-CRITICAL **: 12:14:19.644: GFileInfo created without standard::is-symlink

(lxpanel:985): GLib-GIO-CRITICAL **: 12:14:19.644: file ../gio/gfileinfo.c: line 1696 (g_file_info_get_is_symlink): should not be reached

(lxpanel:985): GLib-GIO-CRITICAL **: 12:14:19.644: GFileInfo created without standard::is-symlink

(lxpanel:985): GLib-GIO-CRITICAL **: 12:14:19.644: GFileInfo created without standard::is-symlink

(lxpanel:985): GLib-GIO-CRITICAL **: 12:14:19.644: file ../gio/gfileinfo.c: line 1696 (g_file_info_get_is_symlink): should not be reached

(lxpanel:985): GLib-GIO-CRITICAL **: 12:14:19.644: GFileInfo created without standard::size

(lxpanel:985): GLib-GIO-CRITICAL **: 12:14:19.644: file ../gio/gfileinfo.c: line 1865 (g_file_info_get_size): should not be reached

(lxpanel:985): GLib-GIO-CRITICAL **: 12:14:19.644: file ../gio/gfileinfo.c: line 1696 (g_file_info_get_is_symlink): should not be reached

(lxpanel:985): GLib-GIO-CRITICAL **: 12:14:19.644: GFileInfo created without standard::edit-name

(lxpanel:985): GLib-GIO-CRITICAL **: 12:14:19.644: file ../gio/gfileinfo.c: line 1762 (g_file_info_get_edit_name): should not be reached

(lxpanel:985): GLib-GIO-CRITICAL **: 12:14:19.644: GFileInfo created without standard::size

(lxpanel:985): GLib-GIO-CRITICAL **: 12:14:19.644: GFileInfo created without standard::is-symlink

(lxpanel:985): GLib-GIO-CRITICAL **: 12:14:19.644: file ../gio/gfileinfo.c: line 1865 (g_file_info_get_size): should not be reached

(lxpanel:985): GLib-GIO-CRITICAL **: 12:14:19.644: file ../gio/gfileinfo.c: line 1696 (g_file_info_get_is_symlink): should not be reached

(lxpanel:985): GLib-GIO-CRITICAL **: 12:14:19.644: GFileInfo created without standard::is-symlink

(lxpanel:985): GLib-GIO-CRITICAL **: 12:14:19.644: file ../gio/gfileinfo.c: line 1696 (g_file_info_get_is_symlink): should not be reached

(lxpanel:985): GLib-GIO-CRITICAL **: 12:14:19.644: GFileInfo created without standard::is-symlink

(lxpanel:985): GLib-GIO-CRITICAL **: 12:14:19.644: file ../gio/gfileinfo.c: line 1696 (g_file_info_get_is_symlink): should not be reached

(lxpanel:985): GLib-GIO-CRITICAL **: 12:14:19.644: GFileInfo created without standard::is-backup

(lxpanel:985): GLib-GIO-CRITICAL **: 12:14:19.644: GFileInfo created without standard::is-symlink

(lxpanel:985): GLib-GIO-CRITICAL **: 12:14:19.644: file ../gio/gfileinfo.c: line 1674 (g_file_info_get_is_backup): should not be reached

(lxpanel:985): GLib-GIO-CRITICAL **: 12:14:19.644: file ../gio/gfileinfo.c: line 1696 (g_file_info_get_is_symlink): should not be reached

(lxpanel:985): GLib-GObject-CRITICAL **: 12:14:19.644: g_object_unref: assertion 'G_IS_OBJECT (object)' failed

(lxpanel:985): GLib-GIO-CRITICAL **: 12:14:19.644: GFileInfo created without standard::is-symlink

(lxpanel:985): GLib-GIO-CRITICAL **: 12:14:19.644: file ../gio/gfileinfo.c: line 1696 (g_file_info_get_is_symlink): should not be reached

(lxpanel:985): GLib-GIO-CRITICAL **: 12:14:19.644: GFileInfo created without standard::is-symlink

(lxpanel:985): GLib-GIO-CRITICAL **: 12:14:19.644: file ../gio/gfileinfo.c: line 1696 (g_file_info_get_is_symlink): should not be reached

(lxpanel:985): GLib-GIO-CRITICAL **: 12:14:19.644: GFileInfo created without standard::is-symlink

(lxpanel:985): GLib-GIO-CRITICAL **: 12:14:19.644: file ../gio/gfileinfo.c: line 1696 (g_file_info_get_is_symlink): should not be reached

(lxpanel:985): GLib-GIO-CRITICAL **: 12:14:19.644: GFileInfo created without standard::is-symlink

(lxpanel:985): GLib-GIO-CRITICAL **: 12:14:19.644: file ../gio/gfileinfo.c: line 1696 (g_file_info_get_is_symlink): should not be reached

(lxpanel:985): GLib-GIO-CRITICAL **: 12:14:19.644: GFileInfo created without standard::is-symlink

(lxpanel:985): GLib-GIO-CRITICAL **: 12:14:19.644: file ../gio/gfileinfo.c: line 1696 (g_file_info_get_is_symlink): should not be reached

(lxpanel:985): GLib-GIO-CRITICAL **: 12:14:19.644: GFileInfo created without standard::is-symlink

(lxpanel:985): GLib-GIO-CRITICAL **: 12:14:19.644: GFileInfo created without standard::is-symlink

(lxpanel:985): GLib-GIO-CRITICAL **: 12:14:19.644: file ../gio/gfileinfo.c: line 1696 (g_file_info_get_is_symlink): should not be reached

(lxpanel:985): GLib-GIO-CRITICAL **: 12:14:19.644: file ../gio/gfileinfo.c: line 1696 (g_file_info_get_is_symlink): should not be reached

(lxpanel:985): GLib-GIO-CRITICAL **: 12:14:19.644: GFileInfo created without standard::is-symlink

(lxpanel:985): GLib-GIO-CRITICAL **: 12:14:19.644: GFileInfo created without standard::is-symlink

(lxpanel:985): GLib-GIO-CRITICAL **: 12:14:19.644: file ../gio/gfileinfo.c: line 1696 (g_file_info_get_is_symlink): should not be reached

(lxpanel:985): GLib-GIO-CRITICAL **: 12:14:19.644: file ../gio/gfileinfo.c: line 1696 (g_file_info_get_is_symlink): should not be reached

(lxpanel:985): GLib-GIO-CRITICAL **: 12:14:19.644: GFileInfo created without standard::is-symlink

(lxpanel:985): GLib-GIO-CRITICAL **: 12:14:19.644: file ../gio/gfileinfo.c: line 1696 (g_file_info_get_is_symlink): should not be reached

(lxpanel:985): GLib-GIO-CRITICAL **: 12:14:19.644: GFileInfo created without standard::is-symlink

(lxpanel:985): GLib-GIO-CRITICAL **: 12:14:19.644: file ../gio/gfileinfo.c: line 1696 (g_file_info_get_is_symlink): should not be reached

(lxpanel:985): GLib-GIO-CRITICAL **: 12:14:19.645: GFileInfo created without standard::is-symlink

(lxpanel:985): GLib-GIO-CRITICAL **: 12:14:19.645: file ../gio/gfileinfo.c: line 1696 (g_file_info_get_is_symlink): should not be reached

(lxpanel:985): GLib-GIO-CRITICAL **: 12:14:19.645: GFileInfo created without standard::is-symlink

(lxpanel:985): GLib-GIO-CRITICAL **: 12:14:19.645: file ../gio/gfileinfo.c: line 1696 (g_file_info_get_is_symlink): should not be reached

(lxpanel:985): GLib-GIO-CRITICAL **: 12:14:19.645: GFileInfo created without standard::is-symlink

(lxpanel:985): GLib-GIO-CRITICAL **: 12:14:19.645: file ../gio/gfileinfo.c: line 1696 (g_file_info_get_is_symlink): should not be reached

(lxpanel:985): GLib-GIO-CRITICAL **: 12:14:19.645: GFileInfo created without standard::is-symlink

(lxpanel:985): GLib-GIO-CRITICAL **: 12:14:19.645: file ../gio/gfileinfo.c: line 1696 (g_file_info_get_is_symlink): should not be reached

(lxpanel:985): GLib-GIO-CRITICAL **: 12:14:19.645: GFileInfo created without standard::is-symlink

(lxpanel:985): GLib-GIO-CRITICAL **: 12:14:19.645: file ../gio/gfileinfo.c: line 1696 (g_file_info_get_is_symlink): should not be reached

(lxpanel:985): GLib-GIO-CRITICAL **: 12:14:19.645: GFileInfo created without standard::is-symlink

(lxpanel:985): GLib-GIO-CRITICAL **: 12:14:19.645: file ../gio/gfileinfo.c: line 1696 (g_file_info_get_is_symlink): should not be reached

(lxpanel:985): GLib-GIO-CRITICAL **: 12:14:19.645: GFileInfo created without standard::is-symlink

(lxpanel:985): GLib-GIO-CRITICAL **: 12:14:19.645: file ../gio/gfileinfo.c: line 1696 (g_file_info_get_is_symlink): should not be reached

(lxpanel:985): GLib-GIO-CRITICAL **: 12:14:19.645: GFileInfo created without standard::is-symlink

(lxpanel:985): GLib-GIO-CRITICAL **: 12:14:19.645: GFileInfo created without standard::is-symlink

(lxpanel:985): GLib-GIO-CRITICAL **: 12:14:19.645: file ../gio/gfileinfo.c: line 1696 (g_file_info_get_is_symlink): should not be reached

(lxpanel:985): GLib-GIO-CRITICAL **: 12:14:19.645: file ../gio/gfileinfo.c: line 1696 (g_file_info_get_is_symlink): should not be reached

(lxpanel:985): GLib-GIO-CRITICAL **: 12:14:19.645: GFileInfo created without standard::is-symlink

(lxpanel:985): GLib-GIO-CRITICAL **: 12:14:19.645: file ../gio/gfileinfo.c: line 1696 (g_file_info_get_is_symlink): should not be reached

(lxpanel:985): GLib-GIO-CRITICAL **: 12:14:19.645: GFileInfo created without standard::is-symlink

(lxpanel:985): GLib-GIO-CRITICAL **: 12:14:19.645: file ../gio/gfileinfo.c: line 1696 (g_file_info_get_is_symlink): should not be reached

(lxpanel:985): GLib-GIO-CRITICAL **: 12:14:19.645: GFileInfo created without standard::is-symlink

(lxpanel:985): GLib-GIO-CRITICAL **: 12:14:19.645: file ../gio/gfileinfo.c: line 1696 (g_file_info_get_is_symlink): should not be reached

(lxpanel:985): GLib-GIO-CRITICAL **: 12:14:19.645: GFileInfo created without standard::is-symlink

(lxpanel:985): GLib-GIO-CRITICAL **: 12:14:19.645: file ../gio/gfileinfo.c: line 1696 (g_file_info_get_is_symlink): should not be reached

(lxpanel:985): GLib-GIO-CRITICAL **: 12:14:19.645: GFileInfo created without standard::is-symlink

(lxpanel:985): GLib-GIO-CRITICAL **: 12:14:19.645: file ../gio/gfileinfo.c: line 1696 (g_file_info_get_is_symlink): should not be reached

(lxpanel:985): GLib-GIO-CRITICAL **: 12:14:19.645: GFileInfo created without standard::is-symlink

(lxpanel:985): GLib-GIO-CRITICAL **: 12:14:19.645: GFileInfo created without standard::is-symlink

(lxpanel:985): GLib-GIO-CRITICAL **: 12:14:19.645: file ../gio/gfileinfo.c: line 1696 (g_file_info_get_is_symlink): should not be reached

(lxpanel:985): GLib-GIO-CRITICAL **: 12:14:19.645: file ../gio/gfileinfo.c: line 1696 (g_file_info_get_is_symlink): should not be reached

(lxpanel:985): GLib-GIO-CRITICAL **: 12:14:19.645: GFileInfo created without standard::is-symlink

(lxpanel:985): GLib-GIO-CRITICAL **: 12:14:19.645: file ../gio/gfileinfo.c: line 1696 (g_file_info_get_is_symlink): should not be reached

(lxpanel:985): GLib-GIO-CRITICAL **: 12:14:19.645: GFileInfo created without standard::is-symlink

(lxpanel:985): GLib-GIO-CRITICAL **: 12:14:19.645: GFileInfo created without standard::is-symlink

(lxpanel:985): GLib-GIO-CRITICAL **: 12:14:19.645: file ../gio/gfileinfo.c: line 1696 (g_file_info_get_is_symlink): should not be reached

(lxpanel:985): GLib-GIO-CRITICAL **: 12:14:19.645: file ../gio/gfileinfo.c: line 1696 (g_file_info_get_is_symlink): should not be reached

(lxpanel:985): GLib-GIO-CRITICAL **: 12:14:19.645: GFileInfo created without standard::is-symlink

(lxpanel:985): GLib-GIO-CRITICAL **: 12:14:19.645: file ../gio/gfileinfo.c: line 1696 (g_file_info_get_is_symlink): should not be reached

(lxpanel:985): GLib-GIO-CRITICAL **: 12:14:19.645: GFileInfo created without standard::is-symlink

(lxpanel:985): GLib-GIO-CRITICAL **: 12:14:19.645: file ../gio/gfileinfo.c: line 1696 (g_file_info_get_is_symlink): should not be reached

(lxpanel:985): GLib-GIO-CRITICAL **: 12:14:19.645: GFileInfo created without standard::is-symlink

(lxpanel:985): GLib-GIO-CRITICAL **: 12:14:19.645: file ../gio/gfileinfo.c: line 1696 (g_file_info_get_is_symlink): should not be reached

(lxpanel:985): GLib-GIO-CRITICAL **: 12:14:19.645: GFileInfo created without standard::is-symlink

(lxpanel:985): GLib-GIO-CRITICAL **: 12:14:19.645: file ../gio/gfileinfo.c: line 1696 (g_file_info_get_is_symlink): should not be reached

(lxpanel:985): GLib-GIO-CRITICAL **: 12:14:19.645: GFileInfo created without standard::size

(lxpanel:985): GLib-GIO-CRITICAL **: 12:14:19.645: file ../gio/gfileinfo.c: line 1865 (g_file_info_get_size): should not be reached

(lxpanel:985): GLib-GIO-CRITICAL **: 12:14:19.645: GFileInfo created without standard::is-symlink

(lxpanel:985): GLib-GIO-CRITICAL **: 12:14:19.645: file ../gio/gfileinfo.c: line 1696 (g_file_info_get_is_symlink): should not be reached

(lxpanel:985): GLib-GIO-CRITICAL **: 12:14:19.645: GFileInfo created without standard::edit-name

(lxpanel:985): GLib-GIO-CRITICAL **: 12:14:19.645: file ../gio/gfileinfo.c: line 1762 (g_file_info_get_edit_name): should not be reached

(lxpanel:985): GLib-GIO-CRITICAL **: 12:14:19.645: GFileInfo created without standard::is-symlink

(lxpanel:985): GLib-GIO-CRITICAL **: 12:14:19.645: GFileInfo created without standard::size

(lxpanel:985): GLib-GIO-CRITICAL **: 12:14:19.645: file ../gio/gfileinfo.c: line 1696 (g_file_info_get_is_symlink): should not be reached

(lxpanel:985): GLib-GIO-CRITICAL **: 12:14:19.645: file ../gio/gfileinfo.c: line 1865 (g_file_info_get_size): should not be reached

(lxpanel:985): GLib-GIO-CRITICAL **: 12:14:19.645: GFileInfo created without standard::is-symlink

(lxpanel:985): GLib-GIO-CRITICAL **: 12:14:19.645: GFileInfo created without standard::is-symlink

(lxpanel:985): GLib-GIO-CRITICAL **: 12:14:19.645: file ../gio/gfileinfo.c: line 1696 (g_file_info_get_is_symlink): should not be reached

(lxpanel:985): GLib-GIO-CRITICAL **: 12:14:19.645: file ../gio/gfileinfo.c: line 1696 (g_file_info_get_is_symlink): should not be reached

(lxpanel:985): GLib-GIO-CRITICAL **: 12:14:19.645: GFileInfo created without standard::is-backup

(lxpanel:985): GLib-GIO-CRITICAL **: 12:14:19.645: file ../gio/gfileinfo.c: line 1674 (g_file_info_get_is_backup): should not be reached

(lxpanel:985): GLib-GIO-CRITICAL **: 12:14:19.645: GFileInfo created without standard::is-symlink

(lxpanel:985): GLib-GIO-CRITICAL **: 12:14:19.645: file ../gio/gfileinfo.c: line 1696 (g_file_info_get_is_symlink): should not be reached

(lxpanel:985): GLib-GObject-CRITICAL **: 12:14:19.645: g_object_unref: assertion 'G_IS_OBJECT (object)' failed

(lxpanel:985): GLib-GIO-CRITICAL **: 12:14:19.645: GFileInfo created without standard::is-symlink

(lxpanel:985): GLib-GIO-CRITICAL **: 12:14:19.645: file ../gio/gfileinfo.c: line 1696 (g_file_info_get_is_symlink): should not be reached

(lxpanel:985): GLib-GIO-CRITICAL **: 12:14:19.645: GFileInfo created without standard::is-symlink

(lxpanel:985): GLib-GIO-CRITICAL **: 12:14:19.645: GFileInfo created without standard::is-symlink

(lxpanel:985): GLib-GIO-CRITICAL **: 12:14:19.645: file ../gio/gfileinfo.c: line 1696 (g_file_info_get_is_symlink): should not be reached

(lxpanel:985): GLib-GIO-CRITICAL **: 12:14:19.645: file ../gio/gfileinfo.c: line 1696 (g_file_info_get_is_symlink): should not be reached

(lxpanel:985): GLib-GIO-CRITICAL **: 12:14:19.645: GFileInfo created without standard::is-symlink

(lxpanel:985): GLib-GIO-CRITICAL **: 12:14:19.645: GFileInfo created without standard::is-symlink

(lxpanel:985): GLib-GIO-CRITICAL **: 12:14:19.645: file ../gio/gfileinfo.c: line 1696 (g_file_info_get_is_symlink): should not be reached

(lxpanel:985): GLib-GIO-CRITICAL **: 12:14:19.645: file ../gio/gfileinfo.c: line 1696 (g_file_info_get_is_symlink): should not be reached

(lxpanel:985): GLib-GIO-CRITICAL **: 12:14:19.645: GFileInfo created without standard::is-symlink

(lxpanel:985): GLib-GIO-CRITICAL **: 12:14:19.645: GFileInfo created without standard::is-symlink

(lxpanel:985): GLib-GIO-CRITICAL **: 12:14:19.645: file ../gio/gfileinfo.c: line 1696 (g_file_info_get_is_symlink): should not be reached

(lxpanel:985): GLib-GIO-CRITICAL **: 12:14:19.645: file ../gio/gfileinfo.c: line 1696 (g_file_info_get_is_symlink): should not be reached

(lxpanel:985): GLib-GIO-CRITICAL **: 12:14:19.645: GFileInfo created without standard::is-symlink

(lxpanel:985): GLib-GIO-CRITICAL **: 12:14:19.645: GFileInfo created without standard::is-symlink

(lxpanel:985): GLib-GIO-CRITICAL **: 12:14:19.645: file ../gio/gfileinfo.c: line 1696 (g_file_info_get_is_symlink): should not be reached

(lxpanel:985): GLib-GIO-CRITICAL **: 12:14:19.645: file ../gio/gfileinfo.c: line 1696 (g_file_info_get_is_symlink): should not be reached

(lxpanel:985): GLib-GIO-CRITICAL **: 12:14:19.645: GFileInfo created without standard::is-symlink

(lxpanel:985): GLib-GIO-CRITICAL **: 12:14:19.645: file ../gio/gfileinfo.c: line 1696 (g_file_info_get_is_symlink): should not be reached

(lxpanel:985): GLib-GIO-CRITICAL **: 12:14:19.645: GFileInfo created without standard::is-symlink

(lxpanel:985): GLib-GIO-CRITICAL **: 12:14:19.645: file ../gio/gfileinfo.c: line 1696 (g_file_info_get_is_symlink): should not be reached

(lxpanel:985): GLib-GIO-CRITICAL **: 12:14:19.645: GFileInfo created without standard::is-symlink

(lxpanel:985): GLib-GIO-CRITICAL **: 12:14:19.645: GFileInfo created without standard::is-symlink

(lxpanel:985): GLib-GIO-CRITICAL **: 12:14:19.645: file ../gio/gfileinfo.c: line 1696 (g_file_info_get_is_symlink): should not be reached

(lxpanel:985): GLib-GIO-CRITICAL **: 12:14:19.645: file ../gio/gfileinfo.c: line 1696 (g_file_info_get_is_symlink): should not be reached

(lxpanel:985): GLib-GIO-CRITICAL **: 12:14:19.645: GFileInfo created without standard::is-symlink

(lxpanel:985): GLib-GIO-CRITICAL **: 12:14:19.646: GFileInfo created without standard::is-symlink

(lxpanel:985): GLib-GIO-CRITICAL **: 12:14:19.646: file ../gio/gfileinfo.c: line 1696 (g_file_info_get_is_symlink): should not be reached

(lxpanel:985): GLib-GIO-CRITICAL **: 12:14:19.646: GFileInfo created without standard::is-symlink

(lxpanel:985): GLib-GIO-CRITICAL **: 12:14:19.646: file ../gio/gfileinfo.c: line 1696 (g_file_info_get_is_symlink): should not be reached

(lxpanel:985): GLib-GIO-CRITICAL **: 12:14:19.646: GFileInfo created without standard::is-symlink

(lxpanel:985): GLib-GIO-CRITICAL **: 12:14:19.646: file ../gio/gfileinfo.c: line 1696 (g_file_info_get_is_symlink): should not be reached

(lxpanel:985): GLib-GIO-CRITICAL **: 12:14:19.646: GFileInfo created without standard::is-symlink

(lxpanel:985): GLib-GIO-CRITICAL **: 12:14:19.646: file ../gio/gfileinfo.c: line 1696 (g_file_info_get_is_symlink): should not be reached

(lxpanel:985): GLib-GIO-CRITICAL **: 12:14:19.646: GFileInfo created without standard::is-symlink

(lxpanel:985): GLib-GIO-CRITICAL **: 12:14:19.646: file ../gio/gfileinfo.c: line 1696 (g_file_info_get_is_symlink): should not be reached

(lxpanel:985): GLib-GIO-CRITICAL **: 12:14:19.646: GFileInfo created without standard::is-symlink

(lxpanel:985): GLib-GIO-CRITICAL **: 12:14:19.646: file ../gio/gfileinfo.c: line 1696 (g_file_info_get_is_symlink): should not be reached

(lxpanel:985): GLib-GIO-CRITICAL **: 12:14:19.646: GFileInfo created without standard::is-symlink

(lxpanel:985): GLib-GIO-CRITICAL **: 12:14:19.646: file ../gio/gfileinfo.c: line 1696 (g_file_info_get_is_symlink): should not be reached

(lxpanel:985): GLib-GIO-CRITICAL **: 12:14:19.646: file ../gio/gfileinfo.c: line 1696 (g_file_info_get_is_symlink): should not be reached

(lxpanel:985): GLib-GIO-CRITICAL **: 12:14:19.646: GFileInfo created without standard::is-symlink

(lxpanel:985): GLib-GIO-CRITICAL **: 12:14:19.646: GFileInfo created without standard::is-symlink

(lxpanel:985): GLib-GIO-CRITICAL **: 12:14:19.646: file ../gio/gfileinfo.c: line 1696 (g_file_info_get_is_symlink): should not be reached

(lxpanel:985): GLib-GIO-CRITICAL **: 12:14:19.646: file ../gio/gfileinfo.c: line 1696 (g_file_info_get_is_symlink): should not be reached

(lxpanel:985): GLib-GIO-CRITICAL **: 12:14:19.646: GFileInfo created without standard::is-symlink

(lxpanel:985): GLib-GIO-CRITICAL **: 12:14:19.646: GFileInfo created without standard::is-symlink

(lxpanel:985): GLib-GIO-CRITICAL **: 12:14:19.646: file ../gio/gfileinfo.c: line 1696 (g_file_info_get_is_symlink): should not be reached

(lxpanel:985): GLib-GIO-CRITICAL **: 12:14:19.646: file ../gio/gfileinfo.c: line 1696 (g_file_info_get_is_symlink): should not be reached

(lxpanel:985): GLib-GIO-CRITICAL **: 12:14:19.646: GFileInfo created without standard::is-symlink

(lxpanel:985): GLib-GIO-CRITICAL **: 12:14:19.646: GFileInfo created without standard::is-symlink

(lxpanel:985): GLib-GIO-CRITICAL **: 12:14:19.646: file ../gio/gfileinfo.c: line 1696 (g_file_info_get_is_symlink): should not be reached

(lxpanel:985): GLib-GIO-CRITICAL **: 12:14:19.646: file ../gio/gfileinfo.c: line 1696 (g_file_info_get_is_symlink): should not be reached

(lxpanel:985): GLib-GIO-CRITICAL **: 12:14:19.646: GFileInfo created without standard::is-symlink

(lxpanel:985): GLib-GIO-CRITICAL **: 12:14:19.646: GFileInfo created without standard::is-symlink

(lxpanel:985): GLib-GIO-CRITICAL **: 12:14:19.646: file ../gio/gfileinfo.c: line 1696 (g_file_info_get_is_symlink): should not be reached

(lxpanel:985): GLib-GIO-CRITICAL **: 12:14:19.646: file ../gio/gfileinfo.c: line 1696 (g_file_info_get_is_symlink): should not be reached

(lxpanel:985): GLib-GIO-CRITICAL **: 12:14:19.646: GFileInfo created without standard::is-symlink

(lxpanel:985): GLib-GIO-CRITICAL **: 12:14:19.646: file ../gio/gfileinfo.c: line 1696 (g_file_info_get_is_symlink): should not be reached

(lxpanel:985): GLib-GIO-CRITICAL **: 12:14:19.646: GFileInfo created without standard::is-symlink

(lxpanel:985): GLib-GIO-CRITICAL **: 12:14:19.646: file ../gio/gfileinfo.c: line 1696 (g_file_info_get_is_symlink): should not be reached

(lxpanel:985): GLib-GIO-CRITICAL **: 12:14:19.646: GFileInfo created without standard::is-symlink

(lxpanel:985): GLib-GIO-CRITICAL **: 12:14:19.646: file ../gio/gfileinfo.c: line 1696 (g_file_info_get_is_symlink): should not be reached

(lxpanel:985): GLib-GIO-CRITICAL **: 12:14:19.646: GFileInfo created without standard::is-symlink

(lxpanel:985): GLib-GIO-CRITICAL **: 12:14:19.646: GFileInfo created without standard::is-symlink

(lxpanel:985): GLib-GIO-CRITICAL **: 12:14:19.646: file ../gio/gfileinfo.c: line 1696 (g_file_info_get_is_symlink): should not be reached

(lxpanel:985): GLib-GIO-CRITICAL **: 12:14:19.646: file ../gio/gfileinfo.c: line 1696 (g_file_info_get_is_symlink): should not be reached

(lxpanel:985): GLib-GIO-CRITICAL **: 12:14:19.646: GFileInfo created without standard::is-symlink

(lxpanel:985): GLib-GIO-CRITICAL **: 12:14:19.646: GFileInfo created without standard::is-symlink

(lxpanel:985): GLib-GIO-CRITICAL **: 12:14:19.646: file ../gio/gfileinfo.c: line 1696 (g_file_info_get_is_symlink): should not be reached

(lxpanel:985): GLib-GIO-CRITICAL **: 12:14:19.646: file ../gio/gfileinfo.c: line 1696 (g_file_info_get_is_symlink): should not be reached

(lxpanel:985): GLib-GIO-CRITICAL **: 12:14:19.646: GFileInfo created without standard::is-symlink

(lxpanel:985): GLib-GIO-CRITICAL **: 12:14:19.646: file ../gio/gfileinfo.c: line 1696 (g_file_info_get_is_symlink): should not be reached

(lxpanel:985): GLib-GIO-CRITICAL **: 12:14:19.646: GFileInfo created without standard::is-symlink

(lxpanel:985): GLib-GIO-CRITICAL **: 12:14:19.646: GFileInfo created without standard::is-symlink

(lxpanel:985): GLib-GIO-CRITICAL **: 12:14:19.646: file ../gio/gfileinfo.c: line 1696 (g_file_info_get_is_symlink): should not be reached

(lxpanel:985): GLib-GIO-CRITICAL **: 12:14:19.646: file ../gio/gfileinfo.c: line 1696 (g_file_info_get_is_symlink): should not be reached

(lxpanel:985): GLib-GIO-CRITICAL **: 12:14:19.646: GFileInfo created without standard::is-symlink

(lxpanel:985): GLib-GIO-CRITICAL **: 12:14:19.646: file ../gio/gfileinfo.c: line 1696 (g_file_info_get_is_symlink): should not be reached

(lxpanel:985): GLib-GIO-CRITICAL **: 12:14:19.646: GFileInfo created without standard::is-symlink

(lxpanel:985): GLib-GIO-CRITICAL **: 12:14:19.646: file ../gio/gfileinfo.c: line 1696 (g_file_info_get_is_symlink): should not be reached

(lxpanel:985): GLib-GIO-CRITICAL **: 12:14:19.646: GFileInfo created without standard::is-symlink

(lxpanel:985): GLib-GIO-CRITICAL **: 12:14:19.646: file ../gio/gfileinfo.c: line 1696 (g_file_info_get_is_symlink): should not be reached

(lxpanel:985): GLib-GIO-CRITICAL **: 12:14:19.646: GFileInfo created without standard::is-symlink

(lxpanel:985): GLib-GIO-CRITICAL **: 12:14:19.646: file ../gio/gfileinfo.c: line 1696 (g_file_info_get_is_symlink): should not be reached

(lxpanel:985): GLib-GIO-CRITICAL **: 12:14:19.646: GFileInfo created without standard::is-symlink

(lxpanel:985): GLib-GIO-CRITICAL **: 12:14:19.646: GFileInfo created without standard::is-symlink

(lxpanel:985): GLib-GIO-CRITICAL **: 12:14:19.646: file ../gio/gfileinfo.c: line 1696 (g_file_info_get_is_symlink): should not be reached

(lxpanel:985): GLib-GIO-CRITICAL **: 12:14:19.646: file ../gio/gfileinfo.c: line 1696 (g_file_info_get_is_symlink): should not be reached

(lxpanel:985): GLib-GIO-CRITICAL **: 12:14:19.646: GFileInfo created without standard::is-symlink

(lxpanel:985): GLib-GIO-CRITICAL **: 12:14:19.646: file ../gio/gfileinfo.c: line 1696 (g_file_info_get_is_symlink): should not be reached

(lxpanel:985): GLib-GIO-CRITICAL **: 12:14:19.646: GFileInfo created without standard::is-symlink

(lxpanel:985): GLib-GIO-CRITICAL **: 12:14:19.646: file ../gio/gfileinfo.c: line 1696 (g_file_info_get_is_symlink): should not be reached

(lxpanel:985): GLib-GIO-CRITICAL **: 12:14:19.646: GFileInfo created without standard::is-symlink

(lxpanel:985): GLib-GIO-CRITICAL **: 12:14:19.646: file ../gio/gfileinfo.c: line 1696 (g_file_info_get_is_symlink): should not be reached

(lxpanel:985): GLib-GIO-CRITICAL **: 12:14:19.646: GFileInfo created without standard::is-symlink

(lxpanel:985): GLib-GIO-CRITICAL **: 12:14:19.646: file ../gio/gfileinfo.c: line 1696 (g_file_info_get_is_symlink): should not be reached

(lxpanel:985): GLib-GIO-CRITICAL **: 12:14:19.646: GFileInfo created without standard::is-symlink

(lxpanel:985): GLib-GIO-CRITICAL **: 12:14:19.646: file ../gio/gfileinfo.c: line 1696 (g_file_info_get_is_symlink): should not be reached

(lxpanel:985): GLib-GIO-CRITICAL **: 12:14:19.646: GFileInfo created without standard::is-symlink

(lxpanel:985): GLib-GIO-CRITICAL **: 12:14:19.646: file ../gio/gfileinfo.c: line 1696 (g_file_info_get_is_symlink): should not be reached

(lxpanel:985): GLib-GIO-CRITICAL **: 12:14:19.646: GFileInfo created without standard::is-symlink

(lxpanel:985): GLib-GIO-CRITICAL **: 12:14:19.646: file ../gio/gfileinfo.c: line 1696 (g_file_info_get_is_symlink): should not be reached

(lxpanel:985): GLib-GIO-CRITICAL **: 12:14:19.646: GFileInfo created without standard::is-symlink

(lxpanel:985): GLib-GIO-CRITICAL **: 12:14:19.646: file ../gio/gfileinfo.c: line 1696 (g_file_info_get_is_symlink): should not be reached

(lxpanel:985): GLib-GIO-CRITICAL **: 12:14:19.646: GFileInfo created without standard::is-symlink

(lxpanel:985): GLib-GIO-CRITICAL **: 12:14:19.646: file ../gio/gfileinfo.c: line 1696 (g_file_info_get_is_symlink): should not be reached

(lxpanel:985): GLib-GIO-CRITICAL **: 12:14:19.647: GFileInfo created without standard::is-symlink

(lxpanel:985): GLib-GIO-CRITICAL **: 12:14:19.647: file ../gio/gfileinfo.c: line 1696 (g_file_info_get_is_symlink): should not be reached

(lxpanel:985): GLib-GIO-CRITICAL **: 12:14:19.646: GFileInfo created without standard::is-symlink

(lxpanel:985): GLib-GIO-CRITICAL **: 12:14:19.647: file ../gio/gfileinfo.c: line 1696 (g_file_info_get_is_symlink): should not be reached

(lxpanel:985): GLib-GIO-CRITICAL **: 12:14:19.647: GFileInfo created without standard::is-symlink

(lxpanel:985): GLib-GIO-CRITICAL **: 12:14:19.647: file ../gio/gfileinfo.c: line 1696 (g_file_info_get_is_symlink): should not be reached

(lxpanel:985): GLib-GIO-CRITICAL **: 12:14:19.647: GFileInfo created without standard::is-symlink

(lxpanel:985): GLib-GIO-CRITICAL **: 12:14:19.647: GFileInfo created without standard::is-symlink

(lxpanel:985): GLib-GIO-CRITICAL **: 12:14:19.647: file ../gio/gfileinfo.c: line 1696 (g_file_info_get_is_symlink): should not be reached

(lxpanel:985): GLib-GIO-CRITICAL **: 12:14:19.647: file ../gio/gfileinfo.c: line 1696 (g_file_info_get_is_symlink): should not be reached

(lxpanel:985): GLib-GIO-CRITICAL **: 12:14:19.647: GFileInfo created without standard::is-symlink

(lxpanel:985): GLib-GIO-CRITICAL **: 12:14:19.647: GFileInfo created without standard::is-symlink

(lxpanel:985): GLib-GIO-CRITICAL **: 12:14:19.647: file ../gio/gfileinfo.c: line 1696 (g_file_info_get_is_symlink): should not be reached

(lxpanel:985): GLib-GIO-CRITICAL **: 12:14:19.647: file ../gio/gfileinfo.c: line 1696 (g_file_info_get_is_symlink): should not be reached

(lxpanel:985): GLib-GIO-CRITICAL **: 12:14:19.647: GFileInfo created without standard::is-symlink

(lxpanel:985): GLib-GIO-CRITICAL **: 12:14:19.647: GFileInfo created without standard::is-symlink

(lxpanel:985): GLib-GIO-CRITICAL **: 12:14:19.647: file ../gio/gfileinfo.c: line 1696 (g_file_info_get_is_symlink): should not be reached

(lxpanel:985): GLib-GIO-CRITICAL **: 12:14:19.647: file ../gio/gfileinfo.c: line 1696 (g_file_info_get_is_symlink): should not be reached

(lxpanel:985): GLib-GIO-CRITICAL **: 12:14:19.647: GFileInfo created without standard::is-symlink

(lxpanel:985): GLib-GIO-CRITICAL **: 12:14:19.647: GFileInfo created without standard::is-symlink

(lxpanel:985): GLib-GIO-CRITICAL **: 12:14:19.647: file ../gio/gfileinfo.c: line 1696 (g_file_info_get_is_symlink): should not be reached

(lxpanel:985): GLib-GIO-CRITICAL **: 12:14:19.647: file ../gio/gfileinfo.c: line 1696 (g_file_info_get_is_symlink): should not be reached

(lxpanel:985): GLib-GIO-CRITICAL **: 12:14:19.647: GFileInfo created without standard::is-symlink

(lxpanel:985): GLib-GIO-CRITICAL **: 12:14:19.647: GFileInfo created without standard::is-symlink

(lxpanel:985): GLib-GIO-CRITICAL **: 12:14:19.647: file ../gio/gfileinfo.c: line 1696 (g_file_info_get_is_symlink): should not be reached

(lxpanel:985): GLib-GIO-CRITICAL **: 12:14:19.647: file ../gio/gfileinfo.c: line 1696 (g_file_info_get_is_symlink): should not be reached

(lxpanel:985): GLib-GIO-CRITICAL **: 12:14:19.647: GFileInfo created without standard::is-symlink

(lxpanel:985): GLib-GIO-CRITICAL **: 12:14:19.647: file ../gio/gfileinfo.c: line 1696 (g_file_info_get_is_symlink): should not be reached

(lxpanel:985): GLib-GIO-CRITICAL **: 12:14:19.647: GFileInfo created without standard::is-symlink

(lxpanel:985): GLib-GIO-CRITICAL **: 12:14:19.647: GFileInfo created without standard::is-symlink

(lxpanel:985): GLib-GIO-CRITICAL **: 12:14:19.647: file ../gio/gfileinfo.c: line 1696 (g_file_info_get_is_symlink): should not be reached

(lxpanel:985): GLib-GIO-CRITICAL **: 12:14:19.647: file ../gio/gfileinfo.c: line 1696 (g_file_info_get_is_symlink): should not be reached

(lxpanel:985): GLib-GIO-CRITICAL **: 12:14:19.647: GFileInfo created without standard::is-symlink

(lxpanel:985): GLib-GIO-CRITICAL **: 12:14:19.647: file ../gio/gfileinfo.c: line 1696 (g_file_info_get_is_symlink): should not be reached

(lxpanel:985): GLib-GIO-CRITICAL **: 12:14:19.647: GFileInfo created without standard::is-symlink

(lxpanel:985): GLib-GIO-CRITICAL **: 12:14:19.647: file ../gio/gfileinfo.c: line 1696 (g_file_info_get_is_symlink): should not be reached

(lxpanel:985): GLib-GIO-CRITICAL **: 12:14:19.647: GFileInfo created without standard::is-symlink

(lxpanel:985): GLib-GIO-CRITICAL **: 12:14:19.647: file ../gio/gfileinfo.c: line 1696 (g_file_info_get_is_symlink): should not be reached

(lxpanel:985): GLib-GIO-CRITICAL **: 12:14:19.647: GFileInfo created without standard::is-symlink

(lxpanel:985): GLib-GIO-CRITICAL **: 12:14:19.647: file ../gio/gfileinfo.c: line 1696 (g_file_info_get_is_symlink): should not be reached

(lxpanel:985): GLib-GIO-CRITICAL **: 12:14:19.647: GFileInfo created without standard::is-symlink

(lxpanel:985): GLib-GIO-CRITICAL **: 12:14:19.647: file ../gio/gfileinfo.c: line 1696 (g_file_info_get_is_symlink): should not be reached

(lxpanel:985): GLib-GIO-CRITICAL **: 12:14:19.647: GFileInfo created without standard::is-symlink

(lxpanel:985): GLib-GIO-CRITICAL **: 12:14:19.647: file ../gio/gfileinfo.c: line 1696 (g_file_info_get_is_symlink): should not be reached

(lxpanel:985): GLib-GIO-CRITICAL **: 12:14:19.647: GFileInfo created without standard::is-symlink

(lxpanel:985): GLib-GIO-CRITICAL **: 12:14:19.647: file ../gio/gfileinfo.c: line 1696 (g_file_info_get_is_symlink): should not be reached

(lxpanel:985): GLib-GIO-CRITICAL **: 12:14:19.647: GFileInfo created without standard::is-symlink

(lxpanel:985): GLib-GIO-CRITICAL **: 12:14:19.647: file ../gio/gfileinfo.c: line 1696 (g_file_info_get_is_symlink): should not be reached

(lxpanel:985): GLib-GIO-CRITICAL **: 12:14:19.647: GFileInfo created without standard::is-symlink

(lxpanel:985): GLib-GIO-CRITICAL **: 12:14:19.647: file ../gio/gfileinfo.c: line 1696 (g_file_info_get_is_symlink): should not be reached

(lxpanel:985): GLib-GIO-CRITICAL **: 12:14:19.647: GFileInfo created without standard::is-symlink

(lxpanel:985): GLib-GIO-CRITICAL **: 12:14:19.647: file ../gio/gfileinfo.c: line 1696 (g_file_info_get_is_symlink): should not be reached

(lxpanel:985): GLib-GIO-CRITICAL **: 12:14:19.647: GFileInfo created without standard::is-symlink

(lxpanel:985): GLib-GIO-CRITICAL **: 12:14:19.647: file ../gio/gfileinfo.c: line 1696 (g_file_info_get_is_symlink): should not be reached

(lxpanel:985): GLib-GIO-CRITICAL **: 12:14:19.647: GFileInfo created without standard::is-symlink

(lxpanel:985): GLib-GIO-CRITICAL **: 12:14:19.647: GFileInfo created without standard::is-symlink

(lxpanel:985): GLib-GIO-CRITICAL **: 12:14:19.647: file ../gio/gfileinfo.c: line 1696 (g_file_info_get_is_symlink): should not be reached

(lxpanel:985): GLib-GIO-CRITICAL **: 12:14:19.647: file ../gio/gfileinfo.c: line 1696 (g_file_info_get_is_symlink): should not be reached

(lxpanel:985): GLib-GIO-CRITICAL **: 12:14:19.647: GFileInfo created without standard::is-symlink

(lxpanel:985): GLib-GIO-CRITICAL **: 12:14:19.647: file ../gio/gfileinfo.c: line 1696 (g_file_info_get_is_symlink): should not be reached

(lxpanel:985): GLib-GIO-CRITICAL **: 12:14:19.647: GFileInfo created without standard::is-symlink

(lxpanel:985): GLib-GIO-CRITICAL **: 12:14:19.647: GFileInfo created without standard::is-symlink

(lxpanel:985): GLib-GIO-CRITICAL **: 12:14:19.647: file ../gio/gfileinfo.c: line 1696 (g_file_info_get_is_symlink): should not be reached

(lxpanel:985): GLib-GIO-CRITICAL **: 12:14:19.647: file ../gio/gfileinfo.c: line 1696 (g_file_info_get_is_symlink): should not be reached

(lxpanel:985): GLib-GIO-CRITICAL **: 12:14:19.647: GFileInfo created without standard::is-symlink

(lxpanel:985): GLib-GIO-CRITICAL **: 12:14:19.647: file ../gio/gfileinfo.c: line 1696 (g_file_info_get_is_symlink): should not be reached

(lxpanel:985): GLib-GIO-CRITICAL **: 12:14:19.647: GFileInfo created without standard::is-symlink

(lxpanel:985): GLib-GIO-CRITICAL **: 12:14:19.647: file ../gio/gfileinfo.c: line 1696 (g_file_info_get_is_symlink): should not be reached

(lxpanel:985): GLib-GIO-CRITICAL **: 12:14:19.647: GFileInfo created without standard::is-symlink

(lxpanel:985): GLib-GIO-CRITICAL **: 12:14:19.647: file ../gio/gfileinfo.c: line 1696 (g_file_info_get_is_symlink): should not be reached

(lxpanel:985): GLib-GIO-CRITICAL **: 12:14:19.647: GFileInfo created without standard::is-symlink

(lxpanel:985): GLib-GIO-CRITICAL **: 12:14:19.647: file ../gio/gfileinfo.c: line 1696 (g_file_info_get_is_symlink): should not be reached

(lxpanel:985): GLib-GIO-CRITICAL **: 12:14:19.648: GFileInfo created without standard::is-symlink

(lxpanel:985): GLib-GIO-CRITICAL **: 12:14:19.648: file ../gio/gfileinfo.c: line 1696 (g_file_info_get_is_symlink): should not be reached

(lxpanel:985): GLib-GIO-CRITICAL **: 12:14:19.648: GFileInfo created without standard::is-symlink

(lxpanel:985): GLib-GIO-CRITICAL **: 12:14:19.648: file ../gio/gfileinfo.c: line 1696 (g_file_info_get_is_symlink): should not be reached

(lxpanel:985): GLib-GIO-CRITICAL **: 12:14:19.648: GFileInfo created without standard::is-symlink

(lxpanel:985): GLib-GIO-CRITICAL **: 12:14:19.648: file ../gio/gfileinfo.c: line 1696 (g_file_info_get_is_symlink): should not be reached

(lxpanel:985): GLib-GIO-CRITICAL **: 12:14:19.648: GFileInfo created without standard::is-symlink

(lxpanel:985): GLib-GIO-CRITICAL **: 12:14:19.648: file ../gio/gfileinfo.c: line 1696 (g_file_info_get_is_symlink): should not be reached

(lxpanel:985): GLib-GIO-CRITICAL **: 12:14:19.648: GFileInfo created without standard::is-symlink

(lxpanel:985): GLib-GIO-CRITICAL **: 12:14:19.648: file ../gio/gfileinfo.c: line 1696 (g_file_info_get_is_symlink): should not be reached

(lxpanel:985): GLib-GIO-CRITICAL **: 12:14:19.648: GFileInfo created without standard::is-symlink

(lxpanel:985): GLib-GIO-CRITICAL **: 12:14:19.648: file ../gio/gfileinfo.c: line 1696 (g_file_info_get_is_symlink): should not be reached

(lxpanel:985): GLib-GIO-CRITICAL **: 12:14:19.648: GFileInfo created without standard::is-symlink

(lxpanel:985): GLib-GIO-CRITICAL **: 12:14:19.648: file ../gio/gfileinfo.c: line 1696 (g_file_info_get_is_symlink): should not be reached

(lxpanel:985): GLib-GIO-CRITICAL **: 12:14:19.648: GFileInfo created without standard::is-symlink

(lxpanel:985): GLib-GIO-CRITICAL **: 12:14:19.648: file ../gio/gfileinfo.c: line 1696 (g_file_info_get_is_symlink): should not be reached

(lxpanel:985): GLib-GIO-CRITICAL **: 12:14:19.648: GFileInfo created without standard::is-symlink

(lxpanel:985): GLib-GIO-CRITICAL **: 12:14:19.648: file ../gio/gfileinfo.c: line 1696 (g_file_info_get_is_symlink): should not be reached

(lxpanel:985): GLib-GIO-CRITICAL **: 12:14:19.648: GFileInfo created without standard::is-symlink

(lxpanel:985): GLib-GIO-CRITICAL **: 12:14:19.648: file ../gio/gfileinfo.c: line 1696 (g_file_info_get_is_symlink): should not be reached

(lxpanel:985): GLib-GIO-CRITICAL **: 12:14:19.648: GFileInfo created without standard::is-symlink

(lxpanel:985): GLib-GIO-CRITICAL **: 12:14:19.648: file ../gio/gfileinfo.c: line 1696 (g_file_info_get_is_symlink): should not be reached

(lxpanel:985): GLib-GIO-CRITICAL **: 12:14:19.648: GFileInfo created without standard::is-symlink

(lxpanel:985): GLib-GIO-CRITICAL **: 12:14:19.648: file ../gio/gfileinfo.c: line 1696 (g_file_info_get_is_symlink): should not be reached

(lxpanel:985): GLib-GIO-CRITICAL **: 12:14:19.648: GFileInfo created without standard::is-symlink

(lxpanel:985): GLib-GIO-CRITICAL **: 12:14:19.648: file ../gio/gfileinfo.c: line 1696 (g_file_info_get_is_symlink): should not be reached

(lxpanel:985): GLib-GIO-CRITICAL **: 12:14:19.648: GFileInfo created without standard::is-symlink

(lxpanel:985): GLib-GIO-CRITICAL **: 12:14:19.648: file ../gio/gfileinfo.c: line 1696 (g_file_info_get_is_symlink): should not be reached

(lxpanel:985): GLib-GIO-CRITICAL **: 12:14:19.648: GFileInfo created without standard::is-symlink

(lxpanel:985): GLib-GIO-CRITICAL **: 12:14:19.649: file ../gio/gfileinfo.c: line 1696 (g_file_info_get_is_symlink): should not be reached

(lxpanel:985): GLib-GIO-CRITICAL **: 12:14:19.649: GFileInfo created without standard::is-symlink

(lxpanel:985): GLib-GIO-CRITICAL **: 12:14:19.649: file ../gio/gfileinfo.c: line 1696 (g_file_info_get_is_symlink): should not be reached

(lxpanel:985): GLib-GIO-CRITICAL **: 12:14:19.649: GFileInfo created without standard::is-symlink

(lxpanel:985): GLib-GIO-CRITICAL **: 12:14:19.649: file ../gio/gfileinfo.c: line 1696 (g_file_info_get_is_symlink): should not be reached

(lxpanel:985): GLib-GIO-CRITICAL **: 12:14:19.649: GFileInfo created without standard::is-symlink

(lxpanel:985): GLib-GIO-CRITICAL **: 12:14:19.649: file ../gio/gfileinfo.c: line 1696 (g_file_info_get_is_symlink): should not be reached

(lxpanel:985): GLib-GIO-CRITICAL **: 12:14:19.649: GFileInfo created without standard::is-symlink

(lxpanel:985): GLib-GIO-CRITICAL **: 12:14:19.649: file ../gio/gfileinfo.c: line 1696 (g_file_info_get_is_symlink): should not be reached

(lxpanel:985): GLib-GIO-CRITICAL **: 12:14:19.666: GFileInfo created without standard::edit-name

(lxpanel:985): GLib-GIO-CRITICAL **: 12:14:19.666: file ../gio/gfileinfo.c: line 1762 (g_file_info_get_edit_name): should not be reached

(lxpanel:985): GLib-GIO-CRITICAL **: 12:14:19.666: GFileInfo created without standard::size

(lxpanel:985): GLib-GIO-CRITICAL **: 12:14:19.666: file ../gio/gfileinfo.c: line 1865 (g_file_info_get_size): should not be reached

(lxpanel:985): GLib-GIO-CRITICAL **: 12:14:19.666: GFileInfo created without standard::content-type

(lxpanel:985): GLib-GIO-CRITICAL **: 12:14:19.666: file ../gio/gfileinfo.c: line 1841 (g_file_info_get_content_type): should not be reached

(lxpanel:985): GLib-GIO-CRITICAL **: 12:14:19.666: GFileInfo created without standard::is-symlink

(lxpanel:985): GLib-GIO-CRITICAL **: 12:14:19.666: file ../gio/gfileinfo.c: line 1696 (g_file_info_get_is_symlink): should not be reached

(lxpanel:985): GLib-GIO-CRITICAL **: 12:14:19.666: GFileInfo created without standard::is-hidden

(lxpanel:985): GLib-GIO-CRITICAL **: 12:14:19.666: file ../gio/gfileinfo.c: line 1647 (g_file_info_get_is_hidden): should not be reached

(lxpanel:985): GLib-GIO-CRITICAL **: 12:14:19.666: GFileInfo created without standard::is-backup

(lxpanel:985): GLib-GIO-CRITICAL **: 12:14:19.666: file ../gio/gfileinfo.c: line 1674 (g_file_info_get_is_backup): should not be reached

(lxpanel:985): GLib-GIO-CRITICAL **: 12:14:19.666: GFileInfo created without standard::is-symlink

(lxpanel:985): GLib-GIO-CRITICAL **: 12:14:19.666: file ../gio/gfileinfo.c: line 1696 (g_file_info_get_is_symlink): should not be reached

(lxpanel:985): GLib-GIO-CRITICAL **: 12:14:19.666: GFileInfo created without standard::is-symlink

(lxpanel:985): GLib-GIO-CRITICAL **: 12:14:19.666: file ../gio/gfileinfo.c: line 1696 (g_file_info_get_is_symlink): should not be reached

(lxpanel:985): GLib-GIO-CRITICAL **: 12:14:19.666: GFileInfo created without standard::is-symlink

(lxpanel:985): GLib-GIO-CRITICAL **: 12:14:19.666: file ../gio/gfileinfo.c: line 1696 (g_file_info_get_is_symlink): should not be reached

(lxpanel:985): GLib-GIO-CRITICAL **: 12:14:19.666: GFileInfo created without standard::is-symlink

(lxpanel:985): GLib-GIO-CRITICAL **: 12:14:19.666: file ../gio/gfileinfo.c: line 1696 (g_file_info_get_is_symlink): should not be reached

(lxpanel:985): GLib-GIO-CRITICAL **: 12:14:19.666: GFileInfo created without standard::is-symlink

(lxpanel:985): GLib-GIO-CRITICAL **: 12:14:19.666: file ../gio/gfileinfo.c: line 1696 (g_file_info_get_is_symlink): should not be reached

(lxpanel:985): GLib-GIO-CRITICAL **: 12:14:19.666: GFileInfo created without standard::is-symlink

(lxpanel:985): GLib-GIO-CRITICAL **: 12:14:19.666: file ../gio/gfileinfo.c: line 1696 (g_file_info_get_is_symlink): should not be reached

(lxpanel:985): GLib-GIO-CRITICAL **: 12:14:19.666: GFileInfo created without standard::is-symlink

(lxpanel:985): GLib-GIO-CRITICAL **: 12:14:19.666: file ../gio/gfileinfo.c: line 1696 (g_file_info_get_is_symlink): should not be reached

(lxpanel:985): GLib-GIO-CRITICAL **: 12:14:19.666: GFileInfo created without standard::is-symlink

(lxpanel:985): GLib-GIO-CRITICAL **: 12:14:19.666: file ../gio/gfileinfo.c: line 1696 (g_file_info_get_is_symlink): should not be reached

(lxpanel:985): GLib-GIO-CRITICAL **: 12:14:19.666: GFileInfo created without standard::is-symlink

(lxpanel:985): GLib-GIO-CRITICAL **: 12:14:19.666: file ../gio/gfileinfo.c: line 1696 (g_file_info_get_is_symlink): should not be reached

(lxpanel:985): GLib-GIO-CRITICAL **: 12:14:19.666: GFileInfo created without standard::is-symlink

(lxpanel:985): GLib-GIO-CRITICAL **: 12:14:19.666: file ../gio/gfileinfo.c: line 1696 (g_file_info_get_is_symlink): should not be reached

(lxpanel:985): GLib-GIO-CRITICAL **: 12:14:19.666: GFileInfo created without standard::is-symlink

(lxpanel:985): GLib-GIO-CRITICAL **: 12:14:19.666: file ../gio/gfileinfo.c: line 1696 (g_file_info_get_is_symlink): should not be reached

(lxpanel:985): GLib-GIO-CRITICAL **: 12:14:19.666: GFileInfo created without standard::is-symlink

(lxpanel:985): GLib-GIO-CRITICAL **: 12:14:19.666: file ../gio/gfileinfo.c: line 1696 (g_file_info_get_is_symlink): should not be reached

(lxpanel:985): GLib-GIO-CRITICAL **: 12:14:19.666: GFileInfo created without standard::is-symlink

(lxpanel:985): GLib-GIO-CRITICAL **: 12:14:19.666: file ../gio/gfileinfo.c: line 1696 (g_file_info_get_is_symlink): should not be reached

(lxpanel:985): GLib-GIO-CRITICAL **: 12:14:19.666: GFileInfo created without standard::edit-name

(lxpanel:985): GLib-GIO-CRITICAL **: 12:14:19.666: GFileInfo created without standard::is-symlink

(lxpanel:985): GLib-GIO-CRITICAL **: 12:14:19.666: file ../gio/gfileinfo.c: line 1762 (g_file_info_get_edit_name): should not be reached

(lxpanel:985): GLib-GIO-CRITICAL **: 12:14:19.666: file ../gio/gfileinfo.c: line 1696 (g_file_info_get_is_symlink): should not be reached

(lxpanel:985): GLib-GIO-CRITICAL **: 12:14:19.666: GFileInfo created without standard::size

(lxpanel:985): GLib-GIO-CRITICAL **: 12:14:19.666: file ../gio/gfileinfo.c: line 1865 (g_file_info_get_size): should not be reached

(lxpanel:985): GLib-GIO-CRITICAL **: 12:14:19.666: GFileInfo created without standard::content-type

(lxpanel:985): GLib-GIO-CRITICAL **: 12:14:19.666: file ../gio/gfileinfo.c: line 1841 (g_file_info_get_content_type): should not be reached

(lxpanel:985): GLib-GIO-CRITICAL **: 12:14:19.666: GFileInfo created without standard::is-symlink

(lxpanel:985): GLib-GIO-CRITICAL **: 12:14:19.666: GFileInfo created without standard::is-symlink

(lxpanel:985): GLib-GIO-CRITICAL **: 12:14:19.666: file ../gio/gfileinfo.c: line 1696 (g_file_info_get_is_symlink): should not be reached

(lxpanel:985): GLib-GIO-CRITICAL **: 12:14:19.666: file ../gio/gfileinfo.c: line 1696 (g_file_info_get_is_symlink): should not be reached

(lxpanel:985): GLib-GIO-CRITICAL **: 12:14:19.666: GFileInfo created without standard::is-hidden

(lxpanel:985): GLib-GIO-CRITICAL **: 12:14:19.666: file ../gio/gfileinfo.c: line 1647 (g_file_info_get_is_hidden): should not be reached

(lxpanel:985): GLib-GIO-CRITICAL **: 12:14:19.666: GFileInfo created without standard::is-symlink

(lxpanel:985): GLib-GIO-CRITICAL **: 12:14:19.666: GFileInfo created without standard::is-backup

(lxpanel:985): GLib-GIO-CRITICAL **: 12:14:19.666: file ../gio/gfileinfo.c: line 1674 (g_file_info_get_is_backup): should not be reached

(lxpanel:985): GLib-GIO-CRITICAL **: 12:14:19.666: file ../gio/gfileinfo.c: line 1696 (g_file_info_get_is_symlink): should not be reached

(lxpanel:985): GLib-GIO-CRITICAL **: 12:14:19.666: GFileInfo created without standard::is-symlink

(lxpanel:985): GLib-GIO-CRITICAL **: 12:14:19.666: GFileInfo created without standard::is-symlink

(lxpanel:985): GLib-GIO-CRITICAL **: 12:14:19.666: file ../gio/gfileinfo.c: line 1696 (g_file_info_get_is_symlink): should not be reached

(lxpanel:985): GLib-GIO-CRITICAL **: 12:14:19.667: GFileInfo created without standard::is-symlink

(lxpanel:985): GLib-GIO-CRITICAL **: 12:14:19.667: file ../gio/gfileinfo.c: line 1696 (g_file_info_get_is_symlink): should not be reached

(lxpanel:985): GLib-GIO-CRITICAL **: 12:14:19.667: GFileInfo created without standard::is-symlink

(lxpanel:985): GLib-GIO-CRITICAL **: 12:14:19.667: file ../gio/gfileinfo.c: line 1696 (g_file_info_get_is_symlink): should not be reached

(lxpanel:985): GLib-GIO-CRITICAL **: 12:14:19.667: GFileInfo created without standard::is-symlink

(lxpanel:985): GLib-GIO-CRITICAL **: 12:14:19.667: file ../gio/gfileinfo.c: line 1696 (g_file_info_get_is_symlink): should not be reached

(lxpanel:985): GLib-GIO-CRITICAL **: 12:14:19.667: GFileInfo created without standard::is-symlink

(lxpanel:985): GLib-GIO-CRITICAL **: 12:14:19.667: file ../gio/gfileinfo.c: line 1696 (g_file_info_get_is_symlink): should not be reached

(lxpanel:985): GLib-GIO-CRITICAL **: 12:14:19.667: GFileInfo created without standard::is-symlink

(lxpanel:985): GLib-GIO-CRITICAL **: 12:14:19.667: file ../gio/gfileinfo.c: line 1696 (g_file_info_get_is_symlink): should not be reached

(lxpanel:985): GLib-GIO-CRITICAL **: 12:14:19.667: GFileInfo created without standard::is-symlink

(lxpanel:985): GLib-GIO-CRITICAL **: 12:14:19.667: file ../gio/gfileinfo.c: line 1696 (g_file_info_get_is_symlink): should not be reached

(lxpanel:985): GLib-GIO-CRITICAL **: 12:14:19.667: GFileInfo created without standard::is-symlink

(lxpanel:985): GLib-GIO-CRITICAL **: 12:14:19.667: file ../gio/gfileinfo.c: line 1696 (g_file_info_get_is_symlink): should not be reached

(lxpanel:985): GLib-GIO-CRITICAL **: 12:14:19.667: GFileInfo created without standard::is-symlink

(lxpanel:985): GLib-GIO-CRITICAL **: 12:14:19.667: file ../gio/gfileinfo.c: line 1696 (g_file_info_get_is_symlink): should not be reached

(lxpanel:985): GLib-GIO-CRITICAL **: 12:14:19.667: GFileInfo created without standard::is-symlink

(lxpanel:985): GLib-GIO-CRITICAL **: 12:14:19.667: file ../gio/gfileinfo.c: line 1696 (g_file_info_get_is_symlink): should not be reached

(lxpanel:985): GLib-GIO-CRITICAL **: 12:14:19.667: GFileInfo created without standard::is-symlink

(lxpanel:985): GLib-GIO-CRITICAL **: 12:14:19.667: file ../gio/gfileinfo.c: line 1696 (g_file_info_get_is_symlink): should not be reached

(lxpanel:985): GLib-GIO-CRITICAL **: 12:14:19.667: GFileInfo created without standard::is-symlink

(lxpanel:985): GLib-GIO-CRITICAL **: 12:14:19.667: file ../gio/gfileinfo.c: line 1696 (g_file_info_get_is_symlink): should not be reached

(lxpanel:985): GLib-GIO-CRITICAL **: 12:14:19.667: GFileInfo created without standard::is-symlink

(lxpanel:985): GLib-GIO-CRITICAL **: 12:14:19.667: file ../gio/gfileinfo.c: line 1696 (g_file_info_get_is_symlink): should not be reached

(lxpanel:985): GLib-GIO-CRITICAL **: 12:14:19.667: GFileInfo created without standard::is-symlink

(lxpanel:985): GLib-GIO-CRITICAL **: 12:14:19.667: file ../gio/gfileinfo.c: line 1696 (g_file_info_get_is_symlink): should not be reached

(lxpanel:985): GLib-GIO-CRITICAL **: 12:14:19.667: GFileInfo created without standard::is-symlink

(lxpanel:985): GLib-GIO-CRITICAL **: 12:14:19.667: file ../gio/gfileinfo.c: line 1696 (g_file_info_get_is_symlink): should not be reached

(lxpanel:985): GLib-GIO-CRITICAL **: 12:14:19.667: GFileInfo created without standard::is-symlink

(lxpanel:985): GLib-GIO-CRITICAL **: 12:14:19.667: file ../gio/gfileinfo.c: line 1696 (g_file_info_get_is_symlink): should not be reached

(lxpanel:985): GLib-GIO-CRITICAL **: 12:14:19.667: GFileInfo created without standard::is-symlink

(lxpanel:985): GLib-GIO-CRITICAL **: 12:14:19.667: file ../gio/gfileinfo.c: line 1696 (g_file_info_get_is_symlink): should not be reached

(lxpanel:985): GLib-GIO-CRITICAL **: 12:14:19.667: GFileInfo created without standard::is-symlink

(lxpanel:985): GLib-GIO-CRITICAL **: 12:14:19.667: file ../gio/gfileinfo.c: line 1696 (g_file_info_get_is_symlink): should not be reached

(lxpanel:985): GLib-GIO-CRITICAL **: 12:14:19.667: GFileInfo created without standard::is-symlink

(lxpanel:985): GLib-GIO-CRITICAL **: 12:14:19.667: file ../gio/gfileinfo.c: line 1696 (g_file_info_get_is_symlink): should not be reached

(lxpanel:985): GLib-GIO-CRITICAL **: 12:14:19.667: GFileInfo created without standard::is-symlink

(lxpanel:985): GLib-GIO-CRITICAL **: 12:14:19.667: file ../gio/gfileinfo.c: line 1696 (g_file_info_get_is_symlink): should not be reached

(lxpanel:985): GLib-GIO-CRITICAL **: 12:14:19.667: GFileInfo created without standard::is-symlink

(lxpanel:985): GLib-GIO-CRITICAL **: 12:14:19.667: file ../gio/gfileinfo.c: line 1696 (g_file_info_get_is_symlink): should not be reached

(lxpanel:985): GLib-GIO-CRITICAL **: 12:14:19.667: GFileInfo created without standard::is-symlink

(lxpanel:985): GLib-GIO-CRITICAL **: 12:14:19.667: file ../gio/gfileinfo.c: line 1696 (g_file_info_get_is_symlink): should not be reached

(lxpanel:985): GLib-GIO-CRITICAL **: 12:14:19.667: GFileInfo created without standard::is-symlink

(lxpanel:985): GLib-GIO-CRITICAL **: 12:14:19.667: file ../gio/gfileinfo.c: line 1696 (g_file_info_get_is_symlink): should not be reached

(lxpanel:985): GLib-GIO-CRITICAL **: 12:14:19.668: GFileInfo created without standard::is-symlink

(lxpanel:985): GLib-GIO-CRITICAL **: 12:14:19.668: file ../gio/gfileinfo.c: line 1696 (g_file_info_get_is_symlink): should not be reached

(lxpanel:985): GLib-GIO-CRITICAL **: 12:14:19.668: GFileInfo created without standard::is-symlink

(lxpanel:985): GLib-GIO-CRITICAL **: 12:14:19.668: file ../gio/gfileinfo.c: line 1696 (g_file_info_get_is_symlink): should not be reached

(lxpanel:985): GLib-GIO-CRITICAL **: 12:14:19.668: GFileInfo created without standard::is-symlink

(lxpanel:985): GLib-GIO-CRITICAL **: 12:14:19.668: file ../gio/gfileinfo.c: line 1696 (g_file_info_get_is_symlink): should not be reached

(lxpanel:985): GLib-GIO-CRITICAL **: 12:14:19.668: GFileInfo created without standard::is-symlink

(lxpanel:985): GLib-GIO-CRITICAL **: 12:14:19.668: file ../gio/gfileinfo.c: line 1696 (g_file_info_get_is_symlink): should not be reached

(lxpanel:985): GLib-GIO-CRITICAL **: 12:14:19.668: GFileInfo created without standard::is-symlink

(lxpanel:985): GLib-GIO-CRITICAL **: 12:14:19.668: file ../gio/gfileinfo.c: line 1696 (g_file_info_get_is_symlink): should not be reached

(lxpanel:985): GLib-GIO-CRITICAL **: 12:14:19.668: GFileInfo created without standard::is-symlink

(lxpanel:985): GLib-GIO-CRITICAL **: 12:14:19.668: file ../gio/gfileinfo.c: line 1696 (g_file_info_get_is_symlink): should not be reached

(lxpanel:985): GLib-GIO-CRITICAL **: 12:14:19.668: GFileInfo created without standard::is-symlink

(lxpanel:985): GLib-GIO-CRITICAL **: 12:14:19.668: file ../gio/gfileinfo.c: line 1696 (g_file_info_get_is_symlink): should not be reached

(lxpanel:985): GLib-GIO-CRITICAL **: 12:14:19.668: GFileInfo created without standard::is-symlink

(lxpanel:985): GLib-GIO-CRITICAL **: 12:14:19.668: file ../gio/gfileinfo.c: line 1696 (g_file_info_get_is_symlink): should not be reached

(lxpanel:985): GLib-GIO-CRITICAL **: 12:14:19.668: GFileInfo created without standard::is-symlink

(lxpanel:985): GLib-GIO-CRITICAL **: 12:14:19.668: file ../gio/gfileinfo.c: line 1696 (g_file_info_get_is_symlink): should not be reached

(lxpanel:985): GLib-GIO-CRITICAL **: 12:14:19.666: file ../gio/gfileinfo.c: line 1696 (g_file_info_get_is_symlink): should not be reached

(lxpanel:985): GLib-GIO-CRITICAL **: 12:14:19.668: GFileInfo created without standard::is-symlink

(lxpanel:985): GLib-GIO-CRITICAL **: 12:14:19.668: file ../gio/gfileinfo.c: line 1696 (g_file_info_get_is_symlink): should not be reached

(lxpanel:985): GLib-GIO-CRITICAL **: 12:14:19.668: GFileInfo created without standard::is-symlink

(lxpanel:985): GLib-GIO-CRITICAL **: 12:14:19.668: file ../gio/gfileinfo.c: line 1696 (g_file_info_get_is_symlink): should not be reached

(lxpanel:985): GLib-GIO-CRITICAL **: 12:14:19.668: GFileInfo created without standard::is-symlink

(lxpanel:985): GLib-GIO-CRITICAL **: 12:14:19.668: file ../gio/gfileinfo.c: line 1696 (g_file_info_get_is_symlink): should not be reached

(lxpanel:985): GLib-GIO-CRITICAL **: 12:14:19.668: GFileInfo created without standard::is-symlink

(lxpanel:985): GLib-GIO-CRITICAL **: 12:14:19.668: file ../gio/gfileinfo.c: line 1696 (g_file_info_get_is_symlink): should not be reached

(lxpanel:985): GLib-GIO-CRITICAL **: 12:14:19.668: GFileInfo created without standard::is-symlink

(lxpanel:985): GLib-GIO-CRITICAL **: 12:14:19.668: file ../gio/gfileinfo.c: line 1696 (g_file_info_get_is_symlink): should not be reached

(lxpanel:985): GLib-GIO-CRITICAL **: 12:14:19.668: GFileInfo created without standard::is-symlink

(lxpanel:985): GLib-GIO-CRITICAL **: 12:14:19.668: file ../gio/gfileinfo.c: line 1696 (g_file_info_get_is_symlink): should not be reached

(lxpanel:985): GLib-GIO-CRITICAL **: 12:14:19.668: GFileInfo created without standard::is-symlink

(lxpanel:985): GLib-GIO-CRITICAL **: 12:14:19.668: file ../gio/gfileinfo.c: line 1696 (g_file_info_get_is_symlink): should not be reached

(lxpanel:985): GLib-GIO-CRITICAL **: 12:14:19.668: GFileInfo created without standard::is-symlink

(lxpanel:985): GLib-GIO-CRITICAL **: 12:14:19.668: file ../gio/gfileinfo.c: line 1696 (g_file_info_get_is_symlink): should not be reached

(lxpanel:985): GLib-GIO-CRITICAL **: 12:14:19.669: GFileInfo created without standard::is-symlink

(lxpanel:985): GLib-GIO-CRITICAL **: 12:14:19.669: file ../gio/gfileinfo.c: line 1696 (g_file_info_get_is_symlink): should not be reached

(lxpanel:985): GLib-GIO-CRITICAL **: 12:14:19.669: GFileInfo created without standard::is-symlink

(lxpanel:985): GLib-GIO-CRITICAL **: 12:14:19.669: file ../gio/gfileinfo.c: line 1696 (g_file_info_get_is_symlink): should not be reached

(lxpanel:985): GLib-GIO-CRITICAL **: 12:14:19.669: GFileInfo created without standard::is-symlink

(lxpanel:985): GLib-GIO-CRITICAL **: 12:14:19.669: file ../gio/gfileinfo.c: line 1696 (g_file_info_get_is_symlink): should not be reached

(lxpanel:985): GLib-GIO-CRITICAL **: 12:14:19.669: GFileInfo created without standard::is-symlink

(lxpanel:985): GLib-GIO-CRITICAL **: 12:14:19.669: file ../gio/gfileinfo.c: line 1696 (g_file_info_get_is_symlink): should not be reached

(lxpanel:985): GLib-GIO-CRITICAL **: 12:14:19.669: GFileInfo created without standard::is-symlink

(lxpanel:985): GLib-GIO-CRITICAL **: 12:14:19.669: file ../gio/gfileinfo.c: line 1696 (g_file_info_get_is_symlink): should not be reached

(lxpanel:985): GLib-GIO-CRITICAL **: 12:14:19.669: GFileInfo created without standard::is-symlink

(lxpanel:985): GLib-GIO-CRITICAL **: 12:14:19.668: GFileInfo created without standard::is-symlink

(lxpanel:985): GLib-GIO-CRITICAL **: 12:14:19.669: file ../gio/gfileinfo.c: line 1696 (g_file_info_get_is_symlink): should not be reached

(lxpanel:985): GLib-GIO-CRITICAL **: 12:14:19.669: GFileInfo created without standard::is-symlink

(lxpanel:985): GLib-GIO-CRITICAL **: 12:14:19.669: file ../gio/gfileinfo.c: line 1696 (g_file_info_get_is_symlink): should not be reached

(lxpanel:985): GLib-GIO-CRITICAL **: 12:14:19.669: GFileInfo created without standard::is-symlink

(lxpanel:985): GLib-GIO-CRITICAL **: 12:14:19.669: file ../gio/gfileinfo.c: line 1696 (g_file_info_get_is_symlink): should not be reached

(lxpanel:985): GLib-GIO-CRITICAL **: 12:14:19.669: GFileInfo created without standard::is-symlink

(lxpanel:985): GLib-GIO-CRITICAL **: 12:14:19.669: file ../gio/gfileinfo.c: line 1696 (g_file_info_get_is_symlink): should not be reached

(lxpanel:985): GLib-GIO-CRITICAL **: 12:14:19.669: GFileInfo created without standard::is-symlink

(lxpanel:985): GLib-GIO-CRITICAL **: 12:14:19.669: file ../gio/gfileinfo.c: line 1696 (g_file_info_get_is_symlink): should not be reached

(lxpanel:985): GLib-GIO-CRITICAL **: 12:14:19.669: GFileInfo created without standard::is-symlink

(lxpanel:985): GLib-GIO-CRITICAL **: 12:14:19.669: file ../gio/gfileinfo.c: line 1696 (g_file_info_get_is_symlink): should not be reached

(lxpanel:985): GLib-GIO-CRITICAL **: 12:14:19.670: GFileInfo created without standard::is-symlink

(lxpanel:985): GLib-GIO-CRITICAL **: 12:14:19.670: file ../gio/gfileinfo.c: line 1696 (g_file_info_get_is_symlink): should not be reached

(lxpanel:985): GLib-GIO-CRITICAL **: 12:14:19.670: GFileInfo created without standard::is-symlink

(lxpanel:985): GLib-GIO-CRITICAL **: 12:14:19.670: file ../gio/gfileinfo.c: line 1696 (g_file_info_get_is_symlink): should not be reached

(lxpanel:985): GLib-GIO-CRITICAL **: 12:14:19.670: GFileInfo created without standard::is-symlink

(lxpanel:985): GLib-GIO-CRITICAL **: 12:14:19.670: file ../gio/gfileinfo.c: line 1696 (g_file_info_get_is_symlink): should not be reached

(lxpanel:985): GLib-GIO-CRITICAL **: 12:14:19.669: file ../gio/gfileinfo.c: line 1696 (g_file_info_get_is_symlink): should not be reached

(lxpanel:985): GLib-GIO-CRITICAL **: 12:14:19.670: GFileInfo created without standard::is-symlink

(lxpanel:985): GLib-GIO-CRITICAL **: 12:14:19.670: file ../gio/gfileinfo.c: line 1696 (g_file_info_get_is_symlink): should not be reached

(lxpanel:985): GLib-GIO-CRITICAL **: 12:14:19.670: GFileInfo created without standard::is-symlink

(lxpanel:985): GLib-GIO-CRITICAL **: 12:14:19.670: file ../gio/gfileinfo.c: line 1696 (g_file_info_get_is_symlink): should not be reached

(lxpanel:985): GLib-GIO-CRITICAL **: 12:14:19.670: GFileInfo created without standard::is-symlink

(lxpanel:985): GLib-GIO-CRITICAL **: 12:14:19.671: file ../gio/gfileinfo.c: line 1696 (g_file_info_get_is_symlink): should not be reached

(lxpanel:985): GLib-GIO-CRITICAL **: 12:14:19.671: GFileInfo created without standard::is-symlink

(lxpanel:985): GLib-GIO-CRITICAL **: 12:14:19.671: file ../gio/gfileinfo.c: line 1696 (g_file_info_get_is_symlink): should not be reached

(lxpanel:985): GLib-GIO-CRITICAL **: 12:14:19.671: GFileInfo created without standard::is-symlink

(lxpanel:985): GLib-GIO-CRITICAL **: 12:14:19.671: file ../gio/gfileinfo.c: line 1696 (g_file_info_get_is_symlink): should not be reached

(lxpanel:985): GLib-GIO-CRITICAL **: 12:14:19.671: GFileInfo created without standard::is-symlink

(lxpanel:985): GLib-GIO-CRITICAL **: 12:14:19.671: file ../gio/gfileinfo.c: line 1696 (g_file_info_get_is_symlink): should not be reached

(lxpanel:985): GLib-GIO-CRITICAL **: 12:14:19.671: GFileInfo created without standard::is-symlink

(lxpanel:985): GLib-GIO-CRITICAL **: 12:14:19.671: file ../gio/gfileinfo.c: line 1696 (g_file_info_get_is_symlink): should not be reached

(lxpanel:985): GLib-GIO-CRITICAL **: 12:14:19.671: GFileInfo created without standard::is-symlink

(lxpanel:985): GLib-GIO-CRITICAL **: 12:14:19.671: file ../gio/gfileinfo.c: line 1696 (g_file_info_get_is_symlink): should not be reached

(lxpanel:985): GLib-GIO-CRITICAL **: 12:14:19.671: GFileInfo created without standard::is-symlink

(lxpanel:985): GLib-GIO-CRITICAL **: 12:14:19.671: file ../gio/gfileinfo.c: line 1696 (g_file_info_get_is_symlink): should not be reached

(lxpanel:985): GLib-GIO-CRITICAL **: 12:14:19.671: GFileInfo created without standard::is-symlink

(lxpanel:985): GLib-GIO-CRITICAL **: 12:14:19.671: file ../gio/gfileinfo.c: line 1696 (g_file_info_get_is_symlink): should not be reached

(lxpanel:985): GLib-GIO-CRITICAL **: 12:14:19.671: GFileInfo created without standard::is-symlink

(lxpanel:985): GLib-GIO-CRITICAL **: 12:14:19.671: file ../gio/gfileinfo.c: line 1696 (g_file_info_get_is_symlink): should not be reached

(lxpanel:985): GLib-GIO-CRITICAL **: 12:14:19.671: GFileInfo created without standard::is-symlink

(lxpanel:985): GLib-GIO-CRITICAL **: 12:14:19.671: file ../gio/gfileinfo.c: line 1696 (g_file_info_get_is_symlink): should not be reached

(lxpanel:985): GLib-GIO-CRITICAL **: 12:14:19.671: GFileInfo created without standard::is-symlink

(lxpanel:985): GLib-GIO-CRITICAL **: 12:14:19.671: file ../gio/gfileinfo.c: line 1696 (g_file_info_get_is_symlink): should not be reached

(lxpanel:985): GLib-GIO-CRITICAL **: 12:14:19.671: GFileInfo created without standard::is-symlink

(lxpanel:985): GLib-GIO-CRITICAL **: 12:14:19.671: file ../gio/gfileinfo.c: line 1696 (g_file_info_get_is_symlink): should not be reached

(lxpanel:985): GLib-GIO-CRITICAL **: 12:14:19.671: GFileInfo created without standard::is-symlink

(lxpanel:985): GLib-GIO-CRITICAL **: 12:14:19.671: file ../gio/gfileinfo.c: line 1696 (g_file_info_get_is_symlink): should not be reached

(lxpanel:985): GLib-GIO-CRITICAL **: 12:14:19.671: GFileInfo created without standard::is-symlink

(lxpanel:985): GLib-GIO-CRITICAL **: 12:14:19.671: file ../gio/gfileinfo.c: line 1696 (g_file_info_get_is_symlink): should not be reached

(lxpanel:985): GLib-GIO-CRITICAL **: 12:14:19.671: GFileInfo created without standard::is-symlink

(lxpanel:985): GLib-GIO-CRITICAL **: 12:14:19.671: file ../gio/gfileinfo.c: line 1696 (g_file_info_get_is_symlink): should not be reached

(lxpanel:985): GLib-GIO-CRITICAL **: 12:14:19.671: GFileInfo created without standard::is-symlink

(lxpanel:985): GLib-GIO-CRITICAL **: 12:14:19.671: file ../gio/gfileinfo.c: line 1696 (g_file_info_get_is_symlink): should not be reached

(lxpanel:985): GLib-GIO-CRITICAL **: 12:14:19.671: GFileInfo created without standard::is-symlink

(lxpanel:985): GLib-GIO-CRITICAL **: 12:14:19.671: file ../gio/gfileinfo.c: line 1696 (g_file_info_get_is_symlink): should not be reached

(lxpanel:985): GLib-GIO-CRITICAL **: 12:14:19.671: GFileInfo created without standard::is-symlink

(lxpanel:985): GLib-GIO-CRITICAL **: 12:14:19.671: file ../gio/gfileinfo.c: line 1696 (g_file_info_get_is_symlink): should not be reached

(lxpanel:985): GLib-GIO-CRITICAL **: 12:14:19.671: GFileInfo created without standard::is-symlink

(lxpanel:985): GLib-GIO-CRITICAL **: 12:14:19.671: file ../gio/gfileinfo.c: line 1696 (g_file_info_get_is_symlink): should not be reached

(lxpanel:985): GLib-GIO-CRITICAL **: 12:14:19.671: GFileInfo created without standard::is-symlink

(lxpanel:985): GLib-GIO-CRITICAL **: 12:14:19.671: file ../gio/gfileinfo.c: line 1696 (g_file_info_get_is_symlink): should not be reached

(lxpanel:985): GLib-GIO-CRITICAL **: 12:14:19.671: GFileInfo created without standard::is-symlink

(lxpanel:985): GLib-GIO-CRITICAL **: 12:14:19.671: file ../gio/gfileinfo.c: line 1696 (g_file_info_get_is_symlink): should not be reached

(lxpanel:985): GLib-GIO-CRITICAL **: 12:14:19.671: GFileInfo created without standard::is-symlink

(lxpanel:985): GLib-GIO-CRITICAL **: 12:14:19.671: file ../gio/gfileinfo.c: line 1696 (g_file_info_get_is_symlink): should not be reached

(lxpanel:985): GLib-GIO-CRITICAL **: 12:14:19.671: GFileInfo created without standard::is-symlink

(lxpanel:985): GLib-GIO-CRITICAL **: 12:14:19.671: file ../gio/gfileinfo.c: line 1696 (g_file_info_get_is_symlink): should not be reached

(lxpanel:985): GLib-GIO-CRITICAL **: 12:14:19.671: GFileInfo created without standard::is-symlink

(lxpanel:985): GLib-GIO-CRITICAL **: 12:14:19.671: file ../gio/gfileinfo.c: line 1696 (g_file_info_get_is_symlink): should not be reached

(lxpanel:985): GLib-GIO-CRITICAL **: 12:14:19.671: GFileInfo created without standard::is-symlink

(lxpanel:985): GLib-GIO-CRITICAL **: 12:14:19.671: file ../gio/gfileinfo.c: line 1696 (g_file_info_get_is_symlink): should not be reached

(lxpanel:985): GLib-GIO-CRITICAL **: 12:14:19.671: GFileInfo created without standard::is-symlink

(lxpanel:985): GLib-GIO-CRITICAL **: 12:14:19.671: GFileInfo created without standard::is-symlink

(lxpanel:985): GLib-GIO-CRITICAL **: 12:14:19.671: file ../gio/gfileinfo.c: line 1696 (g_file_info_get_is_symlink): should not be reached

(lxpanel:985): GLib-GIO-CRITICAL **: 12:14:19.671: file ../gio/gfileinfo.c: line 1696 (g_file_info_get_is_symlink): should not be reached

(lxpanel:985): GLib-GIO-CRITICAL **: 12:14:19.671: GFileInfo created without standard::is-symlink

(lxpanel:985): GLib-GIO-CRITICAL **: 12:14:19.672: GFileInfo created without standard::is-symlink

(lxpanel:985): GLib-GIO-CRITICAL **: 12:14:19.672: file ../gio/gfileinfo.c: line 1696 (g_file_info_get_is_symlink): should not be reached

(lxpanel:985): GLib-GIO-CRITICAL **: 12:14:19.672: file ../gio/gfileinfo.c: line 1696 (g_file_info_get_is_symlink): should not be reached

(lxpanel:985): GLib-GIO-CRITICAL **: 12:14:19.672: GFileInfo created without standard::is-symlink

(lxpanel:985): GLib-GIO-CRITICAL **: 12:14:19.672: file ../gio/gfileinfo.c: line 1696 (g_file_info_get_is_symlink): should not be reached

(lxpanel:985): GLib-GIO-CRITICAL **: 12:14:19.672: GFileInfo created without standard::is-symlink

(lxpanel:985): GLib-GIO-CRITICAL **: 12:14:19.672: file ../gio/gfileinfo.c: line 1696 (g_file_info_get_is_symlink): should not be reached

(lxpanel:985): GLib-GIO-CRITICAL **: 12:14:19.672: GFileInfo created without standard::is-symlink

(lxpanel:985): GLib-GIO-CRITICAL **: 12:14:19.672: file ../gio/gfileinfo.c: line 1696 (g_file_info_get_is_symlink): should not be reached

(lxpanel:985): GLib-GIO-CRITICAL **: 12:14:19.672: GFileInfo created without standard::is-symlink

(lxpanel:985): GLib-GIO-CRITICAL **: 12:14:19.672: GFileInfo created without standard::is-symlink

(lxpanel:985): GLib-GIO-CRITICAL **: 12:14:19.672: file ../gio/gfileinfo.c: line 1696 (g_file_info_get_is_symlink): should not be reached

(lxpanel:985): GLib-GIO-CRITICAL **: 12:14:19.672: file ../gio/gfileinfo.c: line 1696 (g_file_info_get_is_symlink): should not be reached

(lxpanel:985): GLib-GIO-CRITICAL **: 12:14:19.672: GFileInfo created without standard::is-symlink

(lxpanel:985): GLib-GIO-CRITICAL **: 12:14:19.672: file ../gio/gfileinfo.c: line 1696 (g_file_info_get_is_symlink): should not be reached

(lxpanel:985): GLib-GIO-CRITICAL **: 12:14:19.672: GFileInfo created without standard::is-symlink

(lxpanel:985): GLib-GIO-CRITICAL **: 12:14:19.672: file ../gio/gfileinfo.c: line 1696 (g_file_info_get_is_symlink): should not be reached

(lxpanel:985): GLib-GIO-CRITICAL **: 12:14:19.672: GFileInfo created without standard::is-symlink

(lxpanel:985): GLib-GIO-CRITICAL **: 12:14:19.672: file ../gio/gfileinfo.c: line 1696 (g_file_info_get_is_symlink): should not be reached

(lxpanel:985): GLib-GIO-CRITICAL **: 12:14:19.672: GFileInfo created without standard::is-symlink

(lxpanel:985): GLib-GIO-CRITICAL **: 12:14:19.672: file ../gio/gfileinfo.c: line 1696 (g_file_info_get_is_symlink): should not be reached

(lxpanel:985): GLib-GIO-CRITICAL **: 12:14:19.672: GFileInfo created without standard::is-symlink

(lxpanel:985): GLib-GIO-CRITICAL **: 12:14:19.672: file ../gio/gfileinfo.c: line 1696 (g_file_info_get_is_symlink): should not be reached

(lxpanel:985): GLib-GIO-CRITICAL **: 12:14:19.672: GFileInfo created without standard::is-symlink

(lxpanel:985): GLib-GIO-CRITICAL **: 12:14:19.672: file ../gio/gfileinfo.c: line 1696 (g_file_info_get_is_symlink): should not be reached

(lxpanel:985): GLib-GIO-CRITICAL **: 12:14:19.672: GFileInfo created without standard::is-symlink

(lxpanel:985): GLib-GIO-CRITICAL **: 12:14:19.672: file ../gio/gfileinfo.c: line 1696 (g_file_info_get_is_symlink): should not be reached

(lxpanel:985): GLib-GIO-CRITICAL **: 12:14:19.672: GFileInfo created without standard::is-symlink

(lxpanel:985): GLib-GIO-CRITICAL **: 12:14:19.672: file ../gio/gfileinfo.c: line 1696 (g_file_info_get_is_symlink): should not be reached

(lxpanel:985): GLib-GIO-CRITICAL **: 12:14:19.672: GFileInfo created without standard::is-symlink

(lxpanel:985): GLib-GIO-CRITICAL **: 12:14:19.672: file ../gio/gfileinfo.c: line 1696 (g_file_info_get_is_symlink): should not be reached

(lxpanel:985): GLib-GIO-CRITICAL **: 12:14:19.672: GFileInfo created without standard::is-symlink

(lxpanel:985): GLib-GIO-CRITICAL **: 12:14:19.672: file ../gio/gfileinfo.c: line 1696 (g_file_info_get_is_symlink): should not be reached

(lxpanel:985): GLib-GIO-CRITICAL **: 12:14:19.672: GFileInfo created without standard::is-symlink

(lxpanel:985): GLib-GIO-CRITICAL **: 12:14:19.672: file ../gio/gfileinfo.c: line 1696 (g_file_info_get_is_symlink): should not be reached

(lxpanel:985): GLib-GIO-CRITICAL **: 12:14:19.672: GFileInfo created without standard::is-symlink

(lxpanel:985): GLib-GIO-CRITICAL **: 12:14:19.672: file ../gio/gfileinfo.c: line 1696 (g_file_info_get_is_symlink): should not be reached

(lxpanel:985): GLib-GIO-CRITICAL **: 12:14:19.672: GFileInfo created without standard::is-symlink

(lxpanel:985): GLib-GIO-CRITICAL **: 12:14:19.672: file ../gio/gfileinfo.c: line 1696 (g_file_info_get_is_symlink): should not be reached

(lxpanel:985): GLib-GIO-CRITICAL **: 12:14:19.672: GFileInfo created without standard::is-symlink

(lxpanel:985): GLib-GIO-CRITICAL **: 12:14:19.672: file ../gio/gfileinfo.c: line 1696 (g_file_info_get_is_symlink): should not be reached

(lxpanel:985): GLib-GIO-CRITICAL **: 12:14:19.672: GFileInfo created without standard::is-symlink

(lxpanel:985): GLib-GIO-CRITICAL **: 12:14:19.672: file ../gio/gfileinfo.c: line 1696 (g_file_info_get_is_symlink): should not be reached

(lxpanel:985): GLib-GIO-CRITICAL **: 12:14:19.672: GFileInfo created without standard::is-symlink

(lxpanel:985): GLib-GIO-CRITICAL **: 12:14:19.672: file ../gio/gfileinfo.c: line 1696 (g_file_info_get_is_symlink): should not be reached

(lxpanel:985): GLib-GIO-CRITICAL **: 12:14:19.672: GFileInfo created without standard::is-symlink

(lxpanel:985): GLib-GIO-CRITICAL **: 12:14:19.672: file ../gio/gfileinfo.c: line 1696 (g_file_info_get_is_symlink): should not be reached

(lxpanel:985): GLib-GIO-CRITICAL **: 12:14:19.672: GFileInfo created without standard::is-symlink

(lxpanel:985): GLib-GIO-CRITICAL **: 12:14:19.672: file ../gio/gfileinfo.c: line 1696 (g_file_info_get_is_symlink): should not be reached

(lxpanel:985): GLib-GIO-CRITICAL **: 12:14:19.672: GFileInfo created without standard::is-symlink

(lxpanel:985): GLib-GIO-CRITICAL **: 12:14:19.672: file ../gio/gfileinfo.c: line 1696 (g_file_info_get_is_symlink): should not be reached

(lxpanel:985): GLib-GIO-CRITICAL **: 12:14:19.672: GFileInfo created without standard::is-symlink

(lxpanel:985): GLib-GIO-CRITICAL **: 12:14:19.672: file ../gio/gfileinfo.c: line 1696 (g_file_info_get_is_symlink): should not be reached

(lxpanel:985): GLib-GIO-CRITICAL **: 12:14:19.672: GFileInfo created without standard::is-symlink

(lxpanel:985): GLib-GIO-CRITICAL **: 12:14:19.672: file ../gio/gfileinfo.c: line 1696 (g_file_info_get_is_symlink): should not be reached

(lxpanel:985): GLib-GIO-CRITICAL **: 12:14:19.672: GFileInfo created without standard::is-symlink

(lxpanel:985): GLib-GIO-CRITICAL **: 12:14:19.672: file ../gio/gfileinfo.c: line 1696 (g_file_info_get_is_symlink): should not be reached

(lxpanel:985): GLib-GIO-CRITICAL **: 12:14:19.672: GFileInfo created without standard::is-symlink

(lxpanel:985): GLib-GIO-CRITICAL **: 12:14:19.672: file ../gio/gfileinfo.c: line 1696 (g_file_info_get_is_symlink): should not be reached

(lxpanel:985): GLib-GIO-CRITICAL **: 12:14:19.672: GFileInfo created without standard::is-symlink

(lxpanel:985): GLib-GIO-CRITICAL **: 12:14:19.672: file ../gio/gfileinfo.c: line 1696 (g_file_info_get_is_symlink): should not be reached

(lxpanel:985): GLib-GIO-CRITICAL **: 12:14:19.672: GFileInfo created without standard::is-symlink

(lxpanel:985): GLib-GIO-CRITICAL **: 12:14:19.672: file ../gio/gfileinfo.c: line 1696 (g_file_info_get_is_symlink): should not be reached

(lxpanel:985): GLib-GIO-CRITICAL **: 12:14:19.672: GFileInfo created without standard::is-symlink

(lxpanel:985): GLib-GIO-CRITICAL **: 12:14:19.672: file ../gio/gfileinfo.c: line 1696 (g_file_info_get_is_symlink): should not be reached

(lxpanel:985): GLib-GIO-CRITICAL **: 12:14:19.672: GFileInfo created without standard::is-symlink

(lxpanel:985): GLib-GIO-CRITICAL **: 12:14:19.672: file ../gio/gfileinfo.c: line 1696 (g_file_info_get_is_symlink): should not be reached

(lxpanel:985): GLib-GIO-CRITICAL **: 12:14:19.673: GFileInfo created without standard::is-symlink

(lxpanel:985): GLib-GIO-CRITICAL **: 12:14:19.673: file ../gio/gfileinfo.c: line 1696 (g_file_info_get_is_symlink): should not be reached

(lxpanel:985): GLib-GIO-CRITICAL **: 12:14:19.673: GFileInfo created without standard::is-symlink

(lxpanel:985): GLib-GIO-CRITICAL **: 12:14:19.673: file ../gio/gfileinfo.c: line 1696 (g_file_info_get_is_symlink): should not be reached

(lxpanel:985): GLib-GIO-CRITICAL **: 12:14:19.673: GFileInfo created without standard::is-symlink

(lxpanel:985): GLib-GIO-CRITICAL **: 12:14:19.673: file ../gio/gfileinfo.c: line 1696 (g_file_info_get_is_symlink): should not be reached

(lxpanel:985): GLib-GIO-CRITICAL **: 12:14:19.673: GFileInfo created without standard::is-symlink

(lxpanel:985): GLib-GIO-CRITICAL **: 12:14:19.673: file ../gio/gfileinfo.c: line 1696 (g_file_info_get_is_symlink): should not be reached

(lxpanel:985): GLib-GIO-CRITICAL **: 12:14:19.673: GFileInfo created without standard::is-symlink

(lxpanel:985): GLib-GIO-CRITICAL **: 12:14:19.673: file ../gio/gfileinfo.c: line 1696 (g_file_info_get_is_symlink): should not be reached

(lxpanel:985): GLib-GIO-CRITICAL **: 12:14:19.673: GFileInfo created without standard::is-symlink

(lxpanel:985): GLib-GIO-CRITICAL **: 12:14:19.673: file ../gio/gfileinfo.c: line 1696 (g_file_info_get_is_symlink): should not be reached

(lxpanel:985): GLib-GIO-CRITICAL **: 12:14:19.673: GFileInfo created without standard::is-symlink

(lxpanel:985): GLib-GIO-CRITICAL **: 12:14:19.673: file ../gio/gfileinfo.c: line 1696 (g_file_info_get_is_symlink): should not be reached

(lxpanel:985): GLib-GIO-CRITICAL **: 12:14:19.673: GFileInfo created without standard::is-symlink

(lxpanel:985): GLib-GIO-CRITICAL **: 12:14:19.673: file ../gio/gfileinfo.c: line 1696 (g_file_info_get_is_symlink): should not be reached

(lxpanel:985): GLib-GIO-CRITICAL **: 12:14:19.673: GFileInfo created without standard::is-symlink

(lxpanel:985): GLib-GIO-CRITICAL **: 12:14:19.673: file ../gio/gfileinfo.c: line 1696 (g_file_info_get_is_symlink): should not be reached

(lxpanel:985): GLib-GIO-CRITICAL **: 12:14:19.673: GFileInfo created without standard::is-symlink

(lxpanel:985): GLib-GIO-CRITICAL **: 12:14:19.673: file ../gio/gfileinfo.c: line 1696 (g_file_info_get_is_symlink): should not be reached

(lxpanel:985): GLib-GIO-CRITICAL **: 12:14:19.673: GFileInfo created without standard::size

(lxpanel:985): GLib-GIO-CRITICAL **: 12:14:19.673: file ../gio/gfileinfo.c: line 1865 (g_file_info_get_size): should not be reached

(lxpanel:985): GLib-GIO-CRITICAL **: 12:14:19.673: GFileInfo created without standard::edit-name

(lxpanel:985): GLib-GIO-CRITICAL **: 12:14:19.673: file ../gio/gfileinfo.c: line 1762 (g_file_info_get_edit_name): should not be reached

(lxpanel:985): GLib-GIO-CRITICAL **: 12:14:19.673: GFileInfo created without standard::size

(lxpanel:985): GLib-GIO-CRITICAL **: 12:14:19.673: file ../gio/gfileinfo.c: line 1865 (g_file_info_get_size): should not be reached

(lxpanel:985): GLib-GIO-CRITICAL **: 12:14:19.673: GFileInfo created without standard::is-symlink

(lxpanel:985): GLib-GIO-CRITICAL **: 12:14:19.673: file ../gio/gfileinfo.c: line 1696 (g_file_info_get_is_symlink): should not be reached

(lxpanel:985): GLib-GIO-CRITICAL **: 12:14:19.673: GFileInfo created without standard::is-backup

(lxpanel:985): GLib-GIO-CRITICAL **: 12:14:19.673: file ../gio/gfileinfo.c: line 1674 (g_file_info_get_is_backup): should not be reached

(lxpanel:985): GLib-GObject-CRITICAL **: 12:14:19.673: g_object_unref: assertion 'G_IS_OBJECT (object)' failed

(lxpanel:985): GLib-GIO-CRITICAL **: 12:14:19.673: GFileInfo created without standard::is-symlink

(lxpanel:985): GLib-GIO-CRITICAL **: 12:14:19.673: file ../gio/gfileinfo.c: line 1696 (g_file_info_get_is_symlink): should not be reached

(lxpanel:985): GLib-GIO-CRITICAL **: 12:14:19.673: GFileInfo created without standard::is-symlink

(lxpanel:985): GLib-GIO-CRITICAL **: 12:14:19.673: file ../gio/gfileinfo.c: line 1696 (g_file_info_get_is_symlink): should not be reached

(lxpanel:985): GLib-GIO-CRITICAL **: 12:14:19.673: GFileInfo created without standard::is-symlink

(lxpanel:985): GLib-GIO-CRITICAL **: 12:14:19.673: file ../gio/gfileinfo.c: line 1696 (g_file_info_get_is_symlink): should not be reached

(lxpanel:985): GLib-GIO-CRITICAL **: 12:14:19.673: GFileInfo created without standard::is-symlink

(lxpanel:985): GLib-GIO-CRITICAL **: 12:14:19.673: file ../gio/gfileinfo.c: line 1696 (g_file_info_get_is_symlink): should not be reached

(lxpanel:985): GLib-GIO-CRITICAL **: 12:14:19.673: GFileInfo created without standard::is-symlink

(lxpanel:985): GLib-GIO-CRITICAL **: 12:14:19.673: file ../gio/gfileinfo.c: line 1696 (g_file_info_get_is_symlink): should not be reached

(lxpanel:985): GLib-GIO-CRITICAL **: 12:14:19.673: GFileInfo created without standard::is-symlink

(lxpanel:985): GLib-GIO-CRITICAL **: 12:14:19.673: file ../gio/gfileinfo.c: line 1696 (g_file_info_get_is_symlink): should not be reached

(lxpanel:985): GLib-GIO-CRITICAL **: 12:14:19.673: GFileInfo created without standard::is-symlink

(lxpanel:985): GLib-GIO-CRITICAL **: 12:14:19.673: file ../gio/gfileinfo.c: line 1696 (g_file_info_get_is_symlink): should not be reached

(lxpanel:985): GLib-GIO-CRITICAL **: 12:14:19.673: GFileInfo created without standard::is-symlink

(lxpanel:985): GLib-GIO-CRITICAL **: 12:14:19.673: file ../gio/gfileinfo.c: line 1696 (g_file_info_get_is_symlink): should not be reached

(lxpanel:985): GLib-GIO-CRITICAL **: 12:14:19.673: GFileInfo created without standard::is-symlink

(lxpanel:985): GLib-GIO-CRITICAL **: 12:14:19.673: file ../gio/gfileinfo.c: line 1696 (g_file_info_get_is_symlink): should not be reached

(lxpanel:985): GLib-GIO-CRITICAL **: 12:14:19.673: GFileInfo created without standard::is-symlink

(lxpanel:985): GLib-GIO-CRITICAL **: 12:14:19.673: file ../gio/gfileinfo.c: line 1696 (g_file_info_get_is_symlink): should not be reached

(lxpanel:985): GLib-GIO-CRITICAL **: 12:14:19.673: GFileInfo created without standard::is-symlink

(lxpanel:985): GLib-GIO-CRITICAL **: 12:14:19.673: file ../gio/gfileinfo.c: line 1696 (g_file_info_get_is_symlink): should not be reached

(lxpanel:985): GLib-GIO-CRITICAL **: 12:14:19.673: GFileInfo created without standard::is-symlink

(lxpanel:985): GLib-GIO-CRITICAL **: 12:14:19.673: file ../gio/gfileinfo.c: line 1696 (g_file_info_get_is_symlink): should not be reached

(lxpanel:985): GLib-GIO-CRITICAL **: 12:14:19.673: GFileInfo created without standard::is-symlink

(lxpanel:985): GLib-GIO-CRITICAL **: 12:14:19.674: file ../gio/gfileinfo.c: line 1696 (g_file_info_get_is_symlink): should not be reached

(lxpanel:985): GLib-GIO-CRITICAL **: 12:14:19.674: GFileInfo created without standard::is-symlink

(lxpanel:985): GLib-GIO-CRITICAL **: 12:14:19.674: file ../gio/gfileinfo.c: line 1696 (g_file_info_get_is_symlink): should not be reached

(lxpanel:985): GLib-GIO-CRITICAL **: 12:14:19.674: GFileInfo created without standard::is-symlink

(lxpanel:985): GLib-GIO-CRITICAL **: 12:14:19.674: file ../gio/gfileinfo.c: line 1696 (g_file_info_get_is_symlink): should not be reached

(lxpanel:985): GLib-GIO-CRITICAL **: 12:14:19.674: GFileInfo created without standard::is-symlink

(lxpanel:985): GLib-GIO-CRITICAL **: 12:14:19.674: file ../gio/gfileinfo.c: line 1696 (g_file_info_get_is_symlink): should not be reached

(lxpanel:985): GLib-GIO-CRITICAL **: 12:14:19.674: GFileInfo created without standard::is-symlink

(lxpanel:985): GLib-GIO-CRITICAL **: 12:14:19.674: file ../gio/gfileinfo.c: line 1696 (g_file_info_get_is_symlink): should not be reached

(lxpanel:985): GLib-GIO-CRITICAL **: 12:14:19.674: GFileInfo created without standard::is-symlink

(lxpanel:985): GLib-GIO-CRITICAL **: 12:14:19.674: file ../gio/gfileinfo.c: line 1696 (g_file_info_get_is_symlink): should not be reached

(lxpanel:985): GLib-GIO-CRITICAL **: 12:14:19.674: GFileInfo created without standard::is-symlink

(lxpanel:985): GLib-GIO-CRITICAL **: 12:14:19.674: file ../gio/gfileinfo.c: line 1696 (g_file_info_get_is_symlink): should not be reached

(lxpanel:985): GLib-GIO-CRITICAL **: 12:14:19.674: GFileInfo created without standard::is-symlink

(lxpanel:985): GLib-GIO-CRITICAL **: 12:14:19.674: file ../gio/gfileinfo.c: line 1696 (g_file_info_get_is_symlink): should not be reached

(lxpanel:985): GLib-GIO-CRITICAL **: 12:14:19.674: GFileInfo created without standard::is-symlink

(lxpanel:985): GLib-GIO-CRITICAL **: 12:14:19.674: file ../gio/gfileinfo.c: line 1696 (g_file_info_get_is_symlink): should not be reached

(lxpanel:985): GLib-GIO-CRITICAL **: 12:14:19.674: GFileInfo created without standard::is-symlink

(lxpanel:985): GLib-GIO-CRITICAL **: 12:14:19.674: file ../gio/gfileinfo.c: line 1696 (g_file_info_get_is_symlink): should not be reached

(lxpanel:985): GLib-GIO-CRITICAL **: 12:14:19.674: GFileInfo created without standard::is-symlink

(lxpanel:985): GLib-GIO-CRITICAL **: 12:14:19.674: file ../gio/gfileinfo.c: line 1696 (g_file_info_get_is_symlink): should not be reached

(lxpanel:985): GLib-GIO-CRITICAL **: 12:14:19.674: GFileInfo created without standard::is-symlink

(lxpanel:985): GLib-GIO-CRITICAL **: 12:14:19.674: file ../gio/gfileinfo.c: line 1696 (g_file_info_get_is_symlink): should not be reached

(lxpanel:985): GLib-GIO-CRITICAL **: 12:14:19.674: GFileInfo created without standard::is-symlink

(lxpanel:985): GLib-GIO-CRITICAL **: 12:14:19.674: file ../gio/gfileinfo.c: line 1696 (g_file_info_get_is_symlink): should not be reached

(lxpanel:985): GLib-GIO-CRITICAL **: 12:14:19.674: GFileInfo created without standard::is-symlink

(lxpanel:985): GLib-GIO-CRITICAL **: 12:14:19.674: file ../gio/gfileinfo.c: line 1696 (g_file_info_get_is_symlink): should not be reached

(lxpanel:985): GLib-GIO-CRITICAL **: 12:14:19.674: GFileInfo created without standard::is-symlink

(lxpanel:985): GLib-GIO-CRITICAL **: 12:14:19.674: file ../gio/gfileinfo.c: line 1696 (g_file_info_get_is_symlink): should not be reached

(lxpanel:985): GLib-GIO-CRITICAL **: 12:14:19.674: GFileInfo created without standard::is-symlink

(lxpanel:985): GLib-GIO-CRITICAL **: 12:14:19.674: file ../gio/gfileinfo.c: line 1696 (g_file_info_get_is_symlink): should not be reached

(lxpanel:985): GLib-GIO-CRITICAL **: 12:14:19.674: GFileInfo created without standard::is-symlink

(lxpanel:985): GLib-GIO-CRITICAL **: 12:14:19.674: file ../gio/gfileinfo.c: line 1696 (g_file_info_get_is_symlink): should not be reached

(lxpanel:985): GLib-GIO-CRITICAL **: 12:14:19.674: GFileInfo created without standard::is-symlink

(lxpanel:985): GLib-GIO-CRITICAL **: 12:14:19.674: file ../gio/gfileinfo.c: line 1696 (g_file_info_get_is_symlink): should not be reached

(lxpanel:985): GLib-GIO-CRITICAL **: 12:14:19.674: GFileInfo created without standard::is-symlink

(lxpanel:985): GLib-GIO-CRITICAL **: 12:14:19.674: file ../gio/gfileinfo.c: line 1696 (g_file_info_get_is_symlink): should not be reached

(lxpanel:985): GLib-GIO-CRITICAL **: 12:14:19.674: GFileInfo created without standard::is-symlink

(lxpanel:985): GLib-GIO-CRITICAL **: 12:14:19.674: file ../gio/gfileinfo.c: line 1696 (g_file_info_get_is_symlink): should not be reached

(lxpanel:985): GLib-GIO-CRITICAL **: 12:14:19.672: GFileInfo created without standard::is-symlink

(lxpanel:985): GLib-GIO-CRITICAL **: 12:14:19.674: file ../gio/gfileinfo.c: line 1696 (g_file_info_get_is_symlink): should not be reached

(lxpanel:985): GLib-GIO-CRITICAL **: 12:14:19.674: GFileInfo created without standard::is-symlink

(lxpanel:985): GLib-GIO-CRITICAL **: 12:14:19.674: file ../gio/gfileinfo.c: line 1696 (g_file_info_get_is_symlink): should not be reached

(lxpanel:985): GLib-GIO-CRITICAL **: 12:14:19.674: GFileInfo created without standard::is-symlink

(lxpanel:985): GLib-GIO-CRITICAL **: 12:14:19.674: GFileInfo created without standard::is-symlink

(lxpanel:985): GLib-GIO-CRITICAL **: 12:14:19.674: file ../gio/gfileinfo.c: line 1696 (g_file_info_get_is_symlink): should not be reached

(lxpanel:985): GLib-GIO-CRITICAL **: 12:14:19.674: GFileInfo created without standard::is-symlink

(lxpanel:985): GLib-GIO-CRITICAL **: 12:14:19.674: file ../gio/gfileinfo.c: line 1696 (g_file_info_get_is_symlink): should not be reached

(lxpanel:985): GLib-GIO-CRITICAL **: 12:14:19.674: GFileInfo created without standard::is-symlink

(lxpanel:985): GLib-GIO-CRITICAL **: 12:14:19.674: file ../gio/gfileinfo.c: line 1696 (g_file_info_get_is_symlink): should not be reached

(lxpanel:985): GLib-GIO-CRITICAL **: 12:14:19.674: GFileInfo created without standard::size

(lxpanel:985): GLib-GIO-CRITICAL **: 12:14:19.674: file ../gio/gfileinfo.c: line 1865 (g_file_info_get_size): should not be reached

(lxpanel:985): GLib-GIO-CRITICAL **: 12:14:19.674: GFileInfo created without standard::edit-name

(lxpanel:985): GLib-GIO-CRITICAL **: 12:14:19.674: file ../gio/gfileinfo.c: line 1762 (g_file_info_get_edit_name): should not be reached

(lxpanel:985): GLib-GIO-CRITICAL **: 12:14:19.674: GFileInfo created without standard::size

(lxpanel:985): GLib-GIO-CRITICAL **: 12:14:19.674: file ../gio/gfileinfo.c: line 1865 (g_file_info_get_size): should not be reached

(lxpanel:985): GLib-GIO-CRITICAL **: 12:14:19.674: GFileInfo created without standard::is-symlink

(lxpanel:985): GLib-GIO-CRITICAL **: 12:14:19.674: file ../gio/gfileinfo.c: line 1696 (g_file_info_get_is_symlink): should not be reached

(lxpanel:985): GLib-GIO-CRITICAL **: 12:14:19.674: GFileInfo created without standard::is-backup

(lxpanel:985): GLib-GIO-CRITICAL **: 12:14:19.674: file ../gio/gfileinfo.c: line 1674 (g_file_info_get_is_backup): should not be reached

(lxpanel:985): GLib-GObject-CRITICAL **: 12:14:19.674: g_object_unref: assertion 'G_IS_OBJECT (object)' failed

(lxpanel:985): GLib-GIO-CRITICAL **: 12:14:19.674: GFileInfo created without standard::is-symlink

(lxpanel:985): GLib-GIO-CRITICAL **: 12:14:19.674: file ../gio/gfileinfo.c: line 1696 (g_file_info_get_is_symlink): should not be reached

(lxpanel:985): GLib-GIO-CRITICAL **: 12:14:19.674: GFileInfo created without standard::is-symlink

(lxpanel:985): GLib-GIO-CRITICAL **: 12:14:19.674: file ../gio/gfileinfo.c: line 1696 (g_file_info_get_is_symlink): should not be reached

(lxpanel:985): GLib-GIO-CRITICAL **: 12:14:19.674: GFileInfo created without standard::is-symlink

(lxpanel:985): GLib-GIO-CRITICAL **: 12:14:19.674: file ../gio/gfileinfo.c: line 1696 (g_file_info_get_is_symlink): should not be reached

(lxpanel:985): GLib-GIO-CRITICAL **: 12:14:19.674: GFileInfo created without standard::is-symlink

(lxpanel:985): GLib-GIO-CRITICAL **: 12:14:19.674: file ../gio/gfileinfo.c: line 1696 (g_file_info_get_is_symlink): should not be reached

(lxpanel:985): GLib-GIO-CRITICAL **: 12:14:19.674: GFileInfo created without standard::is-symlink

(lxpanel:985): GLib-GIO-CRITICAL **: 12:14:19.674: file ../gio/gfileinfo.c: line 1696 (g_file_info_get_is_symlink): should not be reached

(lxpanel:985): GLib-GIO-CRITICAL **: 12:14:19.674: GFileInfo created without standard::is-symlink

(lxpanel:985): GLib-GIO-CRITICAL **: 12:14:19.674: file ../gio/gfileinfo.c: line 1696 (g_file_info_get_is_symlink): should not be reached

(lxpanel:985): GLib-GIO-CRITICAL **: 12:14:19.674: GFileInfo created without standard::is-symlink

(lxpanel:985): GLib-GIO-CRITICAL **: 12:14:19.674: file ../gio/gfileinfo.c: line 1696 (g_file_info_get_is_symlink): should not be reached

(lxpanel:985): GLib-GIO-CRITICAL **: 12:14:19.675: GFileInfo created without standard::is-symlink

(lxpanel:985): GLib-GIO-CRITICAL **: 12:14:19.675: file ../gio/gfileinfo.c: line 1696 (g_file_info_get_is_symlink): should not be reached

(lxpanel:985): GLib-GIO-CRITICAL **: 12:14:19.675: GFileInfo created without standard::is-symlink

(lxpanel:985): GLib-GIO-CRITICAL **: 12:14:19.675: file ../gio/gfileinfo.c: line 1696 (g_file_info_get_is_symlink): should not be reached

(lxpanel:985): GLib-GIO-CRITICAL **: 12:14:19.675: GFileInfo created without standard::is-symlink

(lxpanel:985): GLib-GIO-CRITICAL **: 12:14:19.675: file ../gio/gfileinfo.c: line 1696 (g_file_info_get_is_symlink): should not be reached

(lxpanel:985): GLib-GIO-CRITICAL **: 12:14:19.675: GFileInfo created without standard::is-symlink

(lxpanel:985): GLib-GIO-CRITICAL **: 12:14:19.675: file ../gio/gfileinfo.c: line 1696 (g_file_info_get_is_symlink): should not be reached

(lxpanel:985): GLib-GIO-CRITICAL **: 12:14:19.675: GFileInfo created without standard::is-symlink

(lxpanel:985): GLib-GIO-CRITICAL **: 12:14:19.675: file ../gio/gfileinfo.c: line 1696 (g_file_info_get_is_symlink): should not be reached

(lxpanel:985): GLib-GIO-CRITICAL **: 12:14:19.675: GFileInfo created without standard::is-symlink

(lxpanel:985): GLib-GIO-CRITICAL **: 12:14:19.675: file ../gio/gfileinfo.c: line 1696 (g_file_info_get_is_symlink): should not be reached

(lxpanel:985): GLib-GIO-CRITICAL **: 12:14:19.675: GFileInfo created without standard::is-symlink

(lxpanel:985): GLib-GIO-CRITICAL **: 12:14:19.675: file ../gio/gfileinfo.c: line 1696 (g_file_info_get_is_symlink): should not be reached

(lxpanel:985): GLib-GIO-CRITICAL **: 12:14:19.675: GFileInfo created without standard::is-symlink

(lxpanel:985): GLib-GIO-CRITICAL **: 12:14:19.675: file ../gio/gfileinfo.c: line 1696 (g_file_info_get_is_symlink): should not be reached

(lxpanel:985): GLib-GIO-CRITICAL **: 12:14:19.675: GFileInfo created without standard::is-symlink

(lxpanel:985): GLib-GIO-CRITICAL **: 12:14:19.675: file ../gio/gfileinfo.c: line 1696 (g_file_info_get_is_symlink): should not be reached

(lxpanel:985): GLib-GIO-CRITICAL **: 12:14:19.675: GFileInfo created without standard::is-symlink

(lxpanel:985): GLib-GIO-CRITICAL **: 12:14:19.675: file ../gio/gfileinfo.c: line 1696 (g_file_info_get_is_symlink): should not be reached

(lxpanel:985): GLib-GIO-CRITICAL **: 12:14:19.675: GFileInfo created without standard::is-symlink

(lxpanel:985): GLib-GIO-CRITICAL **: 12:14:19.675: file ../gio/gfileinfo.c: line 1696 (g_file_info_get_is_symlink): should not be reached

(lxpanel:985): GLib-GIO-CRITICAL **: 12:14:19.675: GFileInfo created without standard::is-symlink

(lxpanel:985): GLib-GIO-CRITICAL **: 12:14:19.675: file ../gio/gfileinfo.c: line 1696 (g_file_info_get_is_symlink): should not be reached

(lxpanel:985): GLib-GIO-CRITICAL **: 12:14:19.675: GFileInfo created without standard::is-symlink

(lxpanel:985): GLib-GIO-CRITICAL **: 12:14:19.675: file ../gio/gfileinfo.c: line 1696 (g_file_info_get_is_symlink): should not be reached

(lxpanel:985): GLib-GIO-CRITICAL **: 12:14:19.675: GFileInfo created without standard::is-symlink

(lxpanel:985): GLib-GIO-CRITICAL **: 12:14:19.675: file ../gio/gfileinfo.c: line 1696 (g_file_info_get_is_symlink): should not be reached

(lxpanel:985): GLib-GIO-CRITICAL **: 12:14:19.675: GFileInfo created without standard::is-symlink

(lxpanel:985): GLib-GIO-CRITICAL **: 12:14:19.675: file ../gio/gfileinfo.c: line 1696 (g_file_info_get_is_symlink): should not be reached

(lxpanel:985): GLib-GIO-CRITICAL **: 12:14:19.675: GFileInfo created without standard::is-symlink

(lxpanel:985): GLib-GIO-CRITICAL **: 12:14:19.675: file ../gio/gfileinfo.c: line 1696 (g_file_info_get_is_symlink): should not be reached

(lxpanel:985): GLib-GIO-CRITICAL **: 12:14:19.675: GFileInfo created without standard::is-symlink

(lxpanel:985): GLib-GIO-CRITICAL **: 12:14:19.675: file ../gio/gfileinfo.c: line 1696 (g_file_info_get_is_symlink): should not be reached

(lxpanel:985): GLib-GIO-CRITICAL **: 12:14:19.675: GFileInfo created without standard::is-symlink

(lxpanel:985): GLib-GIO-CRITICAL **: 12:14:19.675: file ../gio/gfileinfo.c: line 1696 (g_file_info_get_is_symlink): should not be reached

(lxpanel:985): GLib-GIO-CRITICAL **: 12:14:19.675: GFileInfo created without standard::is-symlink

(lxpanel:985): GLib-GIO-CRITICAL **: 12:14:19.675: file ../gio/gfileinfo.c: line 1696 (g_file_info_get_is_symlink): should not be reached

(lxpanel:985): GLib-GIO-CRITICAL **: 12:14:19.675: GFileInfo created without standard::is-symlink

(lxpanel:985): GLib-GIO-CRITICAL **: 12:14:19.675: file ../gio/gfileinfo.c: line 1696 (g_file_info_get_is_symlink): should not be reached

(lxpanel:985): GLib-GIO-CRITICAL **: 12:14:19.675: GFileInfo created without standard::is-symlink

(lxpanel:985): GLib-GIO-CRITICAL **: 12:14:19.675: file ../gio/gfileinfo.c: line 1696 (g_file_info_get_is_symlink): should not be reached

(lxpanel:985): GLib-GIO-CRITICAL **: 12:14:19.675: GFileInfo created without standard::is-symlink

(lxpanel:985): GLib-GIO-CRITICAL **: 12:14:19.675: file ../gio/gfileinfo.c: line 1696 (g_file_info_get_is_symlink): should not be reached

(lxpanel:985): GLib-GIO-CRITICAL **: 12:14:19.675: GFileInfo created without standard::is-symlink

(lxpanel:985): GLib-GIO-CRITICAL **: 12:14:19.675: file ../gio/gfileinfo.c: line 1696 (g_file_info_get_is_symlink): should not be reached

(lxpanel:985): GLib-GIO-CRITICAL **: 12:14:19.675: GFileInfo created without standard::is-symlink

(lxpanel:985): GLib-GIO-CRITICAL **: 12:14:19.675: file ../gio/gfileinfo.c: line 1696 (g_file_info_get_is_symlink): should not be reached

(lxpanel:985): GLib-GIO-CRITICAL **: 12:14:19.675: GFileInfo created without standard::is-symlink

(lxpanel:985): GLib-GIO-CRITICAL **: 12:14:19.675: file ../gio/gfileinfo.c: line 1696 (g_file_info_get_is_symlink): should not be reached

(lxpanel:985): GLib-GIO-CRITICAL **: 12:14:19.675: GFileInfo created without standard::is-symlink

(lxpanel:985): GLib-GIO-CRITICAL **: 12:14:19.675: file ../gio/gfileinfo.c: line 1696 (g_file_info_get_is_symlink): should not be reached

(lxpanel:985): GLib-GIO-CRITICAL **: 12:14:19.675: GFileInfo created without standard::is-symlink

(lxpanel:985): GLib-GIO-CRITICAL **: 12:14:19.675: file ../gio/gfileinfo.c: line 1696 (g_file_info_get_is_symlink): should not be reached

(lxpanel:985): GLib-GIO-CRITICAL **: 12:14:19.674: file ../gio/gfileinfo.c: line 1696 (g_file_info_get_is_symlink): should not be reached

(lxpanel:985): GLib-GIO-CRITICAL **: 12:14:19.683: GFileInfo created without standard::is-symlink

(lxpanel:985): GLib-GIO-CRITICAL **: 12:14:19.683: file ../gio/gfileinfo.c: line 1696 (g_file_info_get_is_symlink): should not be reached

(lxpanel:985): GLib-GIO-CRITICAL **: 12:14:19.683: GFileInfo created without standard::is-symlink

(lxpanel:985): GLib-GIO-CRITICAL **: 12:14:19.683: file ../gio/gfileinfo.c: line 1696 (g_file_info_get_is_symlink): should not be reached

(lxpanel:985): GLib-GIO-CRITICAL **: 12:14:19.683: GFileInfo created without standard::is-symlink

(lxpanel:985): GLib-GIO-CRITICAL **: 12:14:19.683: file ../gio/gfileinfo.c: line 1696 (g_file_info_get_is_symlink): should not be reached
N 12:14:19.710964 wp-internal-comp-l ../lib/wp/private/internal-comp-loader.c:589:on_component_loaded: <WpCore:0x559cfce6d0d0> optional component 'support.logind [module: libwireplumber-module-logind]' failed to load: Failed to locate module libwireplumber-module-logind
N 12:14:19.711008 wp-internal-comp-l ../lib/wp/private/internal-comp-loader.c:641:wp_component_array_load_task_execute_step: <WpCore:0x559cfce6d0d0> skipping component 'monitor.bluez.seat-monitoring [virtual]' because some of its dependencies were not loaded
E 12:14:19.764287            default ../spa/plugins/bluez5/upower.c:54:upower_get_percentage_properties_reply: Failed to get percentage from UPower: org.freedesktop.DBus.Error.NameHasNoOwner

(pasystray:1008): Gtk-CRITICAL **: 12:14:19.803: gtk_radio_menu_item_get_group: assertion 'GTK_IS_RADIO_MENU_ITEM (radio_menu_item)' failed

(pasystray:1008): pasystray-WARNING **: 12:14:19.805: [notify] unable to show notification: g-dbus-error-quark: GDBus.Error:org.freedesktop.DBus.Error.ServiceUnknown: The name org.freedesktop.Notifications was not provided by any .service files (2)

(pasystray:1008): pasystray-WARNING **: 12:14:19.807: [notify] unable to show notification: g-dbus-error-quark: GDBus.Error:org.freedesktop.DBus.Error.ServiceUnknown: The name org.freedesktop.Notifications was not provided by any .service files (2)
[0:00:08.754946190] [1043]  INFO Camera camera_manager.cpp:340 libcamera v0.7.1
Gtk-Message: 12:14:20.162: Failed to load module "colorreload-gtk-module"
Gtk-Message: 12:14:20.162: Failed to load module "window-decorations-gtk-module"
Gtk-Message: 12:14:20.235: Failed to load module "colorreload-gtk-module"
Gtk-Message: 12:14:20.235: Failed to load module "window-decorations-gtk-module"
blueman-applet 12.14.20 WARNING  PluginManager:153 __load_plugin: Not loading PPPSupport because its conflict has higher priority
blueman-applet 12.14.20 WARNING  PluginManager:153 __load_plugin: Not loading DhcpClient because its conflict has higher priority
blueman-applet 12.14.20 WARNING  DiscvManager:122 update_menuitems: warning: Adapter is None

(pcmanfm:986): GLib-GIO-CRITICAL **: 12:14:20.409: GFileInfo created without standard::edit-name

(pcmanfm:986): GLib-GIO-CRITICAL **: 12:14:20.409: file ../gio/gfileinfo.c: line 1762 (g_file_info_get_edit_name): should not be reached

(pcmanfm:986): GLib-GIO-CRITICAL **: 12:14:20.409: GFileInfo created without standard::size

(pcmanfm:986): GLib-GIO-CRITICAL **: 12:14:20.409: file ../gio/gfileinfo.c: line 1865 (g_file_info_get_size): should not be reached

(pcmanfm:986): GLib-GIO-CRITICAL **: 12:14:20.409: GFileInfo created without standard::is-symlink

(pcmanfm:986): GLib-GIO-CRITICAL **: 12:14:20.409: file ../gio/gfileinfo.c: line 1696 (g_file_info_get_is_symlink): should not be reached

(pcmanfm:986): GLib-GIO-CRITICAL **: 12:14:20.409: GFileInfo created without standard::is-hidden

(pcmanfm:986): GLib-GIO-CRITICAL **: 12:14:20.409: file ../gio/gfileinfo.c: line 1647 (g_file_info_get_is_hidden): should not be reached

(pcmanfm:986): GLib-GIO-CRITICAL **: 12:14:20.409: GFileInfo created without standard::is-backup

(pcmanfm:986): GLib-GIO-CRITICAL **: 12:14:20.409: file ../gio/gfileinfo.c: line 1674 (g_file_info_get_is_backup): should not be reached
Gtk-Message: 12:14:20.665: Failed to load module "colorreload-gtk-module"
Gtk-Message: 12:14:20.665: Failed to load module "window-decorations-gtk-module"

** (lxpanel:985): WARNING **: 12:14:20.791: lxpanel : X error: BadWindow (invalid Window parameter)

** (lxpanel:985): WARNING **: 12:14:20.791: lxpanel : X error: BadWindow (invalid Window parameter)

** (lxpanel:985): WARNING **: 12:14:20.791: lxpanel : X error: BadWindow (invalid Window parameter)

(lxpanel:985): GLib-GIO-CRITICAL **: 12:14:25.471: GFileInfo created without standard::edit-name

(lxpanel:985): GLib-GIO-CRITICAL **: 12:14:25.471: file ../gio/gfileinfo.c: line 1762 (g_file_info_get_edit_name): should not be reached

(lxpanel:985): GLib-GIO-CRITICAL **: 12:14:25.471: GFileInfo created without standard::size

(lxpanel:985): GLib-GIO-CRITICAL **: 12:14:25.471: file ../gio/gfileinfo.c: line 1865 (g_file_info_get_size): should not be reached

(lxpanel:985): GLib-GIO-CRITICAL **: 12:14:25.471: GFileInfo created without standard::is-symlink

(lxpanel:985): GLib-GIO-CRITICAL **: 12:14:25.472: file ../gio/gfileinfo.c: line 1696 (g_file_info_get_is_symlink): should not be reached

(lxpanel:985): GLib-GIO-CRITICAL **: 12:14:25.472: GFileInfo created without standard::is-backup

(lxpanel:985): GLib-GIO-CRITICAL **: 12:14:25.472: file ../gio/gfileinfo.c: line 1674 (g_file_info_get_is_backup): should not be reached
pcmanfm 

(pcmanfm:986): GLib-GIO-CRITICAL **: 12:14:25.545: GFileInfo created without standard::edit-name

(pcmanfm:986): GLib-GIO-CRITICAL **: 12:14:25.545: file ../gio/gfileinfo.c: line 1762 (g_file_info_get_edit_name): should not be reached

(pcmanfm:986): GLib-GIO-CRITICAL **: 12:14:25.545: GFileInfo created without standard::size

(pcmanfm:986): GLib-GIO-CRITICAL **: 12:14:25.545: file ../gio/gfileinfo.c: line 1865 (g_file_info_get_size): should not be reached

(pcmanfm:986): GLib-GIO-CRITICAL **: 12:14:25.545: GFileInfo created without standard::is-symlink

(pcmanfm:986): GLib-GIO-CRITICAL **: 12:14:25.545: file ../gio/gfileinfo.c: line 1696 (g_file_info_get_is_symlink): should not be reached

(pcmanfm:986): GLib-GIO-CRITICAL **: 12:14:25.545: GFileInfo created without standard::is-hidden

(pcmanfm:986): GLib-GIO-CRITICAL **: 12:14:25.545: file ../gio/gfileinfo.c: line 1647 (g_file_info_get_is_hidden): should not be reached

(pcmanfm:986): GLib-GIO-CRITICAL **: 12:14:25.545: GFileInfo created without standard::is-backup

(pcmanfm:986): GLib-GIO-CRITICAL **: 12:14:25.545: file ../gio/gfileinfo.c: line 1674 (g_file_info_get_is_backup): should not be reached

(pcmanfm:986): GLib-GIO-CRITICAL **: 12:14:25.545: GFileInfo created without standard::edit-name

(pcmanfm:986): GLib-GIO-CRITICAL **: 12:14:25.545: file ../gio/gfileinfo.c: line 1762 (g_file_info_get_edit_name): should not be reached

(pcmanfm:986): GLib-GIO-CRITICAL **: 12:14:25.545: GFileInfo created without standard::size

(pcmanfm:986): GLib-GIO-CRITICAL **: 12:14:25.545: file ../gio/gfileinfo.c: line 1865 (g_file_info_get_size): should not be reached

(pcmanfm:986): GLib-GIO-CRITICAL **: 12:14:25.545: GFileInfo created without standard::content-type

(pcmanfm:986): GLib-GIO-CRITICAL **: 12:14:25.545: file ../gio/gfileinfo.c: line 1841 (g_file_info_get_content_type): should not be reached

(pcmanfm:986): GLib-GIO-CRITICAL **: 12:14:25.545: GFileInfo created without standard::is-symlink

(pcmanfm:986): GLib-GIO-CRITICAL **: 12:14:25.545: file ../gio/gfileinfo.c: line 1696 (g_file_info_get_is_symlink): should not be reached

(pcmanfm:986): GLib-GIO-CRITICAL **: 12:14:25.545: GFileInfo created without standard::is-backup

(pcmanfm:986): GLib-GIO-CRITICAL **: 12:14:25.545: file ../gio/gfileinfo.c: line 1674 (g_file_info_get_is_backup): should not be reached

(pcmanfm:986): Gtk-WARNING **: 12:14:25.549: Theme parsing error: <data>:2:27: The style property GtkWidget:focus-padding is deprecated and shouldn't be used anymore. It will be removed in a future version

(pcmanfm:986): Gtk-WARNING **: 12:14:25.549: Theme parsing error: <data>:3:30: The style property GtkWidget:focus-line-width is deprecated and shouldn't be used anymore. It will be removed in a future version

** (lxpanel:985): WARNING **: 12:14:25.609: task button : X error

(pcmanfm:986): Gtk-WARNING **: 12:14:30.309: gtk_menu_detach(): menu is not attached

(lxpanel:985): GLib-GIO-CRITICAL **: 12:14:43.465: GFileInfo created without standard::edit-name

(lxpanel:985): GLib-GIO-CRITICAL **: 12:14:43.465: file ../gio/gfileinfo.c: line 1762 (g_file_info_get_edit_name): should not be reached

(lxpanel:985): GLib-GIO-CRITICAL **: 12:14:43.465: GFileInfo created without standard::size

(lxpanel:985): GLib-GIO-CRITICAL **: 12:14:43.465: file ../gio/gfileinfo.c: line 1865 (g_file_info_get_size): should not be reached

(lxpanel:985): GLib-GIO-CRITICAL **: 12:14:43.465: GFileInfo created without standard::is-symlink

(lxpanel:985): GLib-GIO-CRITICAL **: 12:14:43.465: file ../gio/gfileinfo.c: line 1696 (g_file_info_get_is_symlink): should not be reached

(lxpanel:985): GLib-GIO-CRITICAL **: 12:14:43.465: GFileInfo created without standard::is-backup

(lxpanel:985): GLib-GIO-CRITICAL **: 12:14:43.465: file ../gio/gfileinfo.c: line 1674 (g_file_info_get_is_backup): should not be reached
lxterminal
Gtk-Message: 12:14:43.551: Failed to load module "colorreload-gtk-module"
Gtk-Message: 12:14:43.552: Failed to load module "window-decorations-gtk-module"

** (lxpanel:985): WARNING **: 12:14:43.734: task button : X error

(lxpanel:985): GLib-GIO-CRITICAL **: 12:15:34.253: GFileInfo created without standard::edit-name

(lxpanel:985): GLib-GIO-CRITICAL **: 12:15:34.253: file ../gio/gfileinfo.c: line 1762 (g_file_info_get_edit_name): should not be reached

(lxpanel:985): GLib-GIO-CRITICAL **: 12:15:34.253: GFileInfo created without standard::size

(lxpanel:985): GLib-GIO-CRITICAL **: 12:15:34.253: file ../gio/gfileinfo.c: line 1865 (g_file_info_get_size): should not be reached

(lxpanel:985): GLib-GIO-CRITICAL **: 12:15:34.253: GFileInfo created without standard::is-symlink

(lxpanel:985): GLib-GIO-CRITICAL **: 12:15:34.253: file ../gio/gfileinfo.c: line 1696 (g_file_info_get_is_symlink): should not be reached

(lxpanel:985): GLib-GIO-CRITICAL **: 12:15:34.253: GFileInfo created without standard::is-backup

(lxpanel:985): GLib-GIO-CRITICAL **: 12:15:34.253: file ../gio/gfileinfo.c: line 1674 (g_file_info_get_is_backup): should not be reached
pcmanfm 

** (lxpanel:985): WARNING **: 12:15:34.349: task button : X error

(pcmanfm:986): Gtk-WARNING **: 12:15:46.584: gtk_menu_detach(): menu is not attached

(lxpanel:985): GLib-GIO-CRITICAL **: 12:15:58.113: GFileInfo created without standard::edit-name

(lxpanel:985): GLib-GIO-CRITICAL **: 12:15:58.114: file ../gio/gfileinfo.c: line 1762 (g_file_info_get_edit_name): should not be reached

(lxpanel:985): GLib-GIO-CRITICAL **: 12:15:58.114: GFileInfo created without standard::size

(lxpanel:985): GLib-GIO-CRITICAL **: 12:15:58.114: file ../gio/gfileinfo.c: line 1865 (g_file_info_get_size): should not be reached

(lxpanel:985): GLib-GIO-CRITICAL **: 12:15:58.114: GFileInfo created without standard::is-symlink

(lxpanel:985): GLib-GIO-CRITICAL **: 12:15:58.114: file ../gio/gfileinfo.c: line 1696 (g_file_info_get_is_symlink): should not be reached

(lxpanel:985): GLib-GIO-CRITICAL **: 12:15:58.114: GFileInfo created without standard::is-backup

(lxpanel:985): GLib-GIO-CRITICAL **: 12:15:58.114: file ../gio/gfileinfo.c: line 1674 (g_file_info_get_is_backup): should not be reached
xfce4-terminal
Gtk-Message: 12:15:58.210: Failed to load module "colorreload-gtk-module"
Gtk-Message: 12:15:58.211: Failed to load module "window-decorations-gtk-module"

(xfce4-terminal:1343): xfce4-terminal-WARNING **: 12:15:58.213: Failed to connect to session manager: Falha ao conectar ao gerenciador de sessão: SESSION_MANAGER environment variable not defined

** (lxpanel:985): WARNING **: 12:15:58.351: task button : X error
